-- phpMyAdmin SQL Dump
-- version 5.2.1
-- https://www.phpmyadmin.net/
--
-- 主機： 127.0.0.1
-- 產生時間： 2024-05-08 03:41:22
-- 伺服器版本： 10.4.24-MariaDB
-- PHP 版本： 8.1.6

SET SQL_MODE = "NO_AUTO_VALUE_ON_ZERO";
START TRANSACTION;
SET time_zone = "+00:00";


/*!40101 SET @OLD_CHARACTER_SET_CLIENT=@@CHARACTER_SET_CLIENT */;
/*!40101 SET @OLD_CHARACTER_SET_RESULTS=@@CHARACTER_SET_RESULTS */;
/*!40101 SET @OLD_COLLATION_CONNECTION=@@COLLATION_CONNECTION */;
/*!40101 SET NAMES utf8mb4 */;

--
-- 資料庫： `invest`
--

-- --------------------------------------------------------

--
-- 資料表結構 `_document`
--

CREATE TABLE `_document` (
  `id` int(10) NOT NULL COMMENT 'aid',
  `uuid` varchar(50) NOT NULL COMMENT '系統uuid',
  `idty` varchar(10) NOT NULL COMMENT '表單狀態',
  `dcc_no` varchar(25) NOT NULL COMMENT '套用dcc編號',
  `fab_id` int(10) NOT NULL COMMENT 'fab_id',
  `local_id` int(10) NOT NULL COMMENT 'local_id',
  `anis_no` varchar(25) NOT NULL COMMENT 'ANIS表單編號',
  `case_title` varchar(100) NOT NULL COMMENT '事件名稱',
  `a_dept` varchar(100) NOT NULL COMMENT '事故單位',
  `meeting_time` datetime NOT NULL COMMENT '會議時間',
  `meeting_local` varchar(100) NOT NULL COMMENT '會議地點',
  `meeting_man_a` longtext CHARACTER SET utf8mb4 COLLATE utf8mb4_bin NOT NULL COMMENT '1.事故當事者(或其委任代理人)' CHECK (json_valid(`meeting_man_a`)),
  `meeting_man_o` longtext CHARACTER SET utf8mb4 COLLATE utf8mb4_bin NOT NULL COMMENT '2.其他與會人員/勞工代表' CHECK (json_valid(`meeting_man_o`)),
  `meeting_man_s` longtext CHARACTER SET utf8mb4 COLLATE utf8mb4_bin NOT NULL COMMENT '3.環安人員' CHECK (json_valid(`meeting_man_s`)),
  `meeting_man_d` varchar(255) NOT NULL COMMENT '其他非INX與會人員',
  `_focus` longtext CHARACTER SET utf8mb4 COLLATE utf8mb4_bin DEFAULT NULL COMMENT '採集重點JSON' CHECK (json_valid(`_focus`)),
  `_content` longtext CHARACTER SET utf8mb4 COLLATE utf8mb4_bin NOT NULL COMMENT '訪談內容JSON' CHECK (json_valid(`_content`)),
  `confirm_sign` longtext DEFAULT NULL COMMENT '當事人同意上述描述',
  `ruling_sign` longtext DEFAULT NULL COMMENT '非公傷當事人簽認',
  `a_pic` varchar(50) DEFAULT NULL COMMENT '上傳路線圖檔',
  `created_emp_id` varchar(10) NOT NULL COMMENT '開單工號',
  `created_cname` varchar(10) NOT NULL COMMENT '開單姓名',
  `created_at` datetime NOT NULL COMMENT '建檔時間',
  `updated_at` datetime NOT NULL COMMENT '更新時間',
  `updated_cname` varchar(10) NOT NULL COMMENT '更新人員',
  `logs` longtext CHARACTER SET utf8mb4 COLLATE utf8mb4_bin NOT NULL COMMENT 'Logs' CHECK (json_valid(`logs`)),
  `editions` longtext DEFAULT NULL COMMENT 'Edition記錄'
) ENGINE=InnoDB DEFAULT CHARSET=utf8mb4;

--
-- 傾印資料表的資料 `_document`
--

INSERT INTO `_document` (`id`, `uuid`, `idty`, `dcc_no`, `fab_id`, `local_id`, `anis_no`, `case_title`, `a_dept`, `meeting_time`, `meeting_local`, `meeting_man_a`, `meeting_man_o`, `meeting_man_s`, `meeting_man_d`, `_focus`, `_content`, `confirm_sign`, `ruling_sign`, `a_pic`, `created_emp_id`, `created_cname`, `created_at`, `updated_at`, `updated_cname`, `logs`, `editions`) VALUES
(1, '72d51232-0909-11ef-b5cb-2cfda183ef4f', '1', '13ES100016-F002-V002', 9, 7, '', '測試事件x7', 'G7', '2024-05-03 12:51:00', 'office 1F', '\"{\\\"cname\\\":\\\"\\u99ac\\u5409\\u5152\\\",\\\"emp_id\\\":\\\"17005107\\\"}\"', '\"{\\\"cname\\\":\\\"\\u99ac\\u5409\\u8b19\\\",\\\"emp_id\\\":\\\"10019391\\\"}\"', '\"{\\\"cname\\\":\\\"\\u6797\\u664f\\u5be7\\\",\\\"emp_id\\\":\\\"14088431\\\"},{\\\"cname\\\":\\\"\\u9673\\u5efa\\u826f\\\",\\\"emp_id\\\":\\\"10008048\\\"}\"', '', 'null', '{\"emp_id\":\"17005107\",\"cname\":\"\\u99ac\\u5409\\u5152\",\"cstext\":\"\\u52a9\\u7406\\u6280\\u8853\\u54e1\",\"hired\":\"2023-04-01\",\"rload\":\"\\u4f30\\u7b97\\u7d04\\uff1a1 \\u5e74 1 \\u500b\\u6708 2 \\u5929\",\"a_day\":\"2024-04-01T08:00\",\"a_work_s\":\"2024-04-01T07:30\",\"a_work_e\":\"2024-04-01T19:30\",\"a_location\":\"test_local\",\"a_description\":\"session3\",\"s4_combo_1\":[\"\\u5176\\u4ed6\",\"\\u7528\\u9910\\u9014\\u4e2d\"],\"s4_combo_2\":[\"\\u662f\"],\"s4_combo_3\":[\"\\u662f\"],\"s4_combo_4\":[\"\\u6709\"],\"s4_combo_5\":[\"\\u4ea4\\u901a\\u88c1\\u6c7a\\u66f8\",\"\\u5176\\u4ed6\",\"\\u8209\\u8b49\\u8cc7\\u6599...other\"],\"s5_combo_1\":[\"\\u6709\"],\"s5_combo_2\":[\"\\u6709\"],\"s5_combo_3\":[\"\\u6709\"],\"s5_combo_4\":[\"\\u6709\"],\"s5_combo_5\":[\"\\u6709\"],\"s5_combo_6\":[\"\\u6709\"],\"s5_combo_7\":[\"\\u6709\"],\"s5_combo_8\":[\"\\u6709\"],\"s5_combo_9\":[\"\\u6709\"],\"s5_combo_10\":[\"\\u6709\"],\"s6_combo_1\":[\"\\u5426\"],\"s6_combo_2\":[\"\\u5426\",\"\\u5c31\\u662f\\u5426\"],\"remark\":\"session7\"}', 'data:image/png;base64,iVBORw0KGgoAAAANSUhEUgAAAZAAAAD6CAYAAACPpxFEAAAAAXNSR0IArs4c6QAAIABJREFUeF7tnQe4PUV5xt9giRo1YkGNHbGQCAKiRtRIFEVFbEEsaBSwYlSswRZ7wdggGMWoESXG3kBU1Fhpomiwd0zsJRglMSqazC+ZicNyzj179uzOtvd7nvvc+/+f3Snv7Nlv5ivv9zuyGAEjYASMgBFogMDvNLjHtxgBI2AEjIARkBWIHwIjYASMgBFohIAVSCPYfJMRMAJGwAhYgfgZMAJGwAgYgUYIWIE0gs03GQEjYASMgBWInwEjYASMgBFohIAVSCPYfJMRMAJGwAhYgfgZMAJGwAgYgUYIWIE0gs03GQEjYASMgBWInwEjYASMgBFohIAVSCPYfJMRMAJGwAhYgfgZMAJGwAgYgUYIWIE0gs03GQEjYASMgBWInwEjYASMgBFohIAVSCPYfJMRMAJGwAhYgfgZMAJGwAgYgUYIWIE0gs03GQEjYASMgBWInwEjYASMgBFohIAVSCPYfJMRMAJGwAhYgfgZMAJGwAgYgUYIWIE0gs03GQEjYASMgBWInwEjYASMgBFohIAVyG9hu76kXSVdIv4cIek/GqHqm4yAETACM0BgTgpkL0n7SLq0JJTFTyTdYsUafyh+/mVJV5L0UEnfnMFz4SkaASNgBFYiMFUFcjVJe0eFcRtJF1mJRP0LpopZfQR8pREwAkZA0hhehttIukPY+R8o6XOSbiRpO0k/lfSfkn4h6cfxZHE5SXt0vLJjwKxjCNy8ETACRmAYCmTnaB7aLfogviXpOpJuJelCPS7S9yQdHfs/S9JNg8J9miTGZzECRsAIzB6BPnbTF5a0Z1QQNytwYli1yF+NSuFfJH1D0pfi6eZdq27050bACBiBOSNQSoFcNDitD5V0sKRr1gT818GPcYqkcyX9QNIX4n2nbxEdhbnrNzXaR1l8vcZ1vsQIGAEjYASWINClArl4PGkcFH9vu2AM3w2+iyMlfVLSLyX9c4yO8oIZASNgBIzAwBFoW4FcOyoLHN67S7pgZf4/C07wE8I1hMeeLOnMgePj4RkBI2AEjEBHJ5BdJN1S0vWCQiBcllyJZfKC6IRGiViMgBEwAkZg5AisewLBDEVI7Q6Sbi3pJlvM/7/D5++VdKqkt0fz1Mjh8vCNgBEwAkYgIbBKgRBGS0LelWPWNsoD38YyIYLpA5LeH5UGSsRiBIyAETACE0QgKRDCavn5d0lfizkPOwbn9r4r5kwi31slfTz4PI6PYbAThMlTMgJGwAgYgSoCKBAS47byXaR7fhWjpeCFQmEQYnuGITUCRsAIGIF5IoACSWYmmGfPjuYqcimgByHn4rSoLIiaMjvtPJ8Tz9oIGAEjcD4EcgVyLUlkZV9dEtQdFiNgBIyAETACSxFICgSlYZpyPyhGwAgYASNQGwEUCHUxLlX7Dl9oBIyAETACRiDSuZ8Uo64MiBEwAkbACBiB2ghwAoGP6qqSiLKyGAEjYASMgBGohUDygdw51OJ4R607fJERMAJGwAgYgWjCIoz3g5HTyqAYASNgBIyAEaiFQB7GeztJ76l1ly8yAkbACBiB2SOQKxCc6VQItBgBI2AEjIARWIlArkC4+OaSPrbyLl9gBIyAETACs0egqkAo9rTP7FExAEbACBgBI7ASgaoC4QYKQ71v5Z2+wAgYASNgBGaNAArkeZIeLWmbiAR5IXuYD2vWz4UnbwSMgBFYiQAK5IqxTvlOki4Q7/h2qFd+10jbvrIRX2AEjIARMALzQyAVlKI87bszBQISP4xKxE71+T0XnrERMAJGYCUCeUnbW0h6TaQ1STdSF+Q4SftJOndla77ACBgBI2AEZoNAtSb69YICeZWkG1YQIDrrqHhKmQ04nqgRMAJGwAgsR6CqQLgSZ/r+kl4r6YLZrVCevCL83zMl/YtBNQJGwAgYgXkjsEiBJESuG3wiz4jmqxylX0t6SVA0T49lb+eNoGdvBIyAEZgpAlspkAQJ0Vl/Heqi713B6N+CX+RJkv4xFqWaKYSethEwAkZgngjUUSAJmXtLepwkFEou3wmsvk+T9PJ5QuhZGwEjYATmicA6CgSELiLpYElPCWasy1Ug+4akJ0h6/Tyh7H3W4M4a/ELSVySRy3MFSftKemMgyny/pP/ofZQegBEwApNBYF0Fkia+bVQiB0m6RAWNz4X/e4GkN0k6ZzJIDXsi74yKYqtRfkHSw6MiGfZsPDojYARGgUBTBZImd21Jh0m6e6BEuVhlxuSNHB12wS8LjvjPjgKN8Q7yw5L+pObwTw0nyedKQukQWWcxAkbACDRCYFMFkjq9fDCPPFbSQxYoEq7BtPI3kaTRyqTRUq28ifyd7wUz4i8l3Tbk7Nx4xR0/iafE50v68srWfYERMAJGoIJAWwokNXvpSMRIdcMDJP3+AsShTIHtlxfev3tFOkPg/jH583dX9IDPBCWC2fHszkbjho2AEZgcAm0rkBwgXlw3lUT0FoWqdqigh4nrZyE8+BRJ/xzqkJweMuDfFXfQkwO6pwmxBs8OJ5MHLzkZ5sP6USTWNGVNt4tFfhUlE+4iac/4/J8YAx0+323Xbt0ItItAlwokHyksvzeIiuRuwf6+m6QLLZkKyuRZ0UbP7tiyOQIwLmNe5KUFXc0yYY3O2Lw7t5AhwHN+h4j/TcJp7+JboPN2Sa+LpkWDaAQGj0ApBbIICF5k/KBMqMXOlyuXn0t6a/YzeDBHMkDwvnOsPMnfSXwCaX8B2SwRZJLjvKqXj64RELGqLX9uBDpFoE8FUp0Y5haO9rAC31HStSovN3Ib3hIivghHfY8kmIItmyGAz+q+gU3gOpIOj8EOm7Xou0HgwjH68MAGcJC/c+UG9/kWI1AcgSEpkOrkYQS+h6T7LEha5Fp8J6fFuiUfDASQ2I/tlC/+CLnDBQjAyvCALZBh80MgyaMkbRfpgEj6RIiIQ6GPQdiA7Bx9OTBSMPYPjWHgHmM7CAxZgaQZ4j8hxwFFcv0tzAFwc5FxzZf3U+3A41aMwNoIEAhy+wV3EZzACfqY+JLFRJvkqTExN/0bR/uX1u653A1/H82gv1qwuUOBkEwMK8VPyw3JPfWBwBgUSBUXsuCJ6iLPAb8JocLwc1Wd8nyRPyDp75wR38ejNbs+ofmBWBT/Ui6wV5NM++IQkfjVJagQjcUpOsmfDngnj1+HjdoqIUn1HdFSAM2OS0CsQmyEn49RgSyCmVPKrWKUEWavS1UuwtTFzogv8lkjXCcPedgIwMLAs8UpORdOGfer8cIl+u0T2Y3XlPT1AU65rvKoDp2TCrWEYPUmqdgyEQSmokDy5WAnuFd0xOOMJ0s+CWHBx8edIuYEixFoA4FFPg+etXvFKMJVfeQmrB9Gv8iqe0p/TpDLyQtMyGzMPhMHw+atSrKajxMz8yNj6ezS43d/HSAwRQVShQllwoO9h6Qdsw+/Fb/cfPmx2VqMQBMEjgyF1R5WuZGM/v2C7+6fajZ4XMwV4XJ8JJxahibV0wdkqZR3yE/0vE+IIiPvaCvBRwQjhWXkCMxBgeRL9Edht/Rn8Qt/2eyDL0rCMUilRVOej/yhLjh8OMeqL0IirPBhfGSNcRD0sUu8niRaCrUNTfJTEqcO5rhMrhTzjFAwmOMWCYEx5LxYRozA3BRIWioc7nz5/zw+6BfN1pBdIyzCJDGa1mPED3fHQ79kDB3nZZmEZEyc6Cet2TfZ5/eM9zxCEqeaoQmmtbTp4vSxf40B8n7hOsKVb1S5nuAClJCVSA0gh3rJXBVIvh5QS/Clf2CM7kqfQelBKOJ7h7p4ExoX5sV9Ir080XPk+AxdnlE5KbDZ4IX4sQYDZ8PC84c8aIDVPf+wYublZIFDvK7gl+SEjyk5F5QSCcPO36qL5MCuswI574LwImPHBJPt72UfvUjSC8P/4zextIPANSLn2R8Huz9/byUocXa9+AeGcCq8TLT9J14rQlZ5oUJb0qTGCiG8hPIilIfGXDQkqeapEDq/bo4HheeIxKqeXPBBojQtI0TACmTxoqE87hrYgh8dkxfTVS+NpxJqaViaI8AOlrLI1SJkq1r8cRbuSqg2/8Z/RRb030rKk/NWtbXJ55QHJmw8Cf4OTKJN+x/6CYQaPvgPETZTmKSayDZxI8B3KxewrBtw0KRf39MRAlYgWwPLAw8/F7VNOH5fMO4wKdyEnRuqdGe91384ed6ohAg7bS4UwSLvgdMF9Bh/UL/JhVe+IYsG4uXHv7+2YZvp9mrSH2Pee8MX4JBPINX5YnJalhBZB2J4wsh5Ifk3CWY/koMtI0PACqT+gsFV9JhYWyM3b2GyIAzzbZJeXb+52V2JuecfYn5Omjzh02AGjfmylxLPKDtW6OjzXf+6AHJa+Wb84dTy6bgbXtfkRBY2Ia1JToj+m3XHk18/5BMIvhnGh7BeW5UDqIsBDnVqoOQF5/h+fb9uA75uGAhYgTRbB4geqQePryTZrlNLfxFt9ec0a3qyd3EKyO3fFBAjH4DIpTrC6Q+Cwu0rodZXC0ro6jHBjciodYXTD2MjsRTqja2ESCkippJw+sScsymBIEoUVmQEU9xD151Eh9dTnwfCRIQNFJUr2xCqYGIiTkLhOTYYlhEhYAWy+WJhx4e2m6xjnPAIyVV/FWLgX7t585No4e6S4ENKgnIl8g2usjYFBZJqbxCajdmRSpiQcOanxmV9ckohWuhvlnA3VU8fbTm8CRLAVIpwGqPw1xCE9wN5USnMvc2XPEryqGySQ81/GcI6DHYMViDtLg0RRc/JTiW8DNihzpn/B58GNN9ELiVBwWIKKZW0Cb0GJ0WifW4ZIp3qPPeQ/1F35nnRf1L1BaxKplvnyYIUFJoQBN8aBdaGIDjO8SEh/xWVcFt1eFCYeYg8vrE7DWHSHkN9BOp8keq35isTAmS7HxGYgEkyg9bioLiznCNChG4enE2cFxEO05w8sCQunFJQIjjyUQqYxFZ9D+C1ot7MrtlA29yN02zui1k1nlJ4sRkiNBlp+wVfJZBkU7EqnLvUvN1PTQSG8qDWHO6oLiNr95nRbk80F6eRQ6MTd1QT2WCwVJfM/QO8JHHKolSGIpQHwASJP6bu6YSx41B++IbRVzkGQ1QgRK6hYBHWjdIIbQl+q/xkTuIuSsUyIgSsQLpfLCJ2sKknVmAckZxOSifEcQpgJ31s91P+/x6gg8nt+ZhpMM+sG/lUasiEqJLP8ZeBnp2oIMoErBJ2zZuWCMhfppvkWawa6zqf489LlCzk2cBpxemxLblKxc/08Vjjp6323U4BBKxACoAcS5RSLyJFbJXcbVFf+1+zaZJNTyIcDuEuGVFJ9CMsk7h/hMxlwjeHXGmv+jQwB8xWUHmg9BcplDaqB+ahskMpJpUo6n8W/UCcptsUwrppO0lbIcJtjtFtrUDACqTsI4KphMp02OHbiuBZNYOtigB9N5omqJHStuAQxWyXBKZjQpzHKNWX3XNjsiNRZK9pYULkktwuttPGiWbTIcFdRbIseRr48EikbXuzgTKm0FR6B7Gx4VRiGRECViDlFyvxCrHj4oW6aQ7Bqhnw4j6kh40E3GEUD0IwWbGz/vCqwQ70cyLGUtEkhnjreIprY7jUDYHnK8kQvpOEWJMYi5DrgjmrTfNVmisFpvBBIeTjULTKMiIEhvCwjgiuVoaKGQseKH63GQq6bHA5j1G6Bj8MSVyp8E8XzwGhu/gUEEI/CeMdK4dY9RQH1Qqnt00FxQTzcCJlJJeIuup9Csl8+4aEQcgPoVwngrCNU9aiOeVJinwODqVCu/vEeDJ9d/Hi6BIcdigkh/Gboz67eHZvOIfHJDm7aZdrUM1dAKNcab0qJjx2wTKcO8p52W7Kb9Xn+ubr9YNKmeSm4+JleVr0r9DGEBLpIIWsclIRGYXPrgvhREphqSQEmoDv0IW8HapGErWHH4eIy2R+g6Iesx91TmAV6Aq7QWDU5curjQlCUkddc/Iq8trmedsU36EIz5gkz2jucg2uE9lqc2ygzcAX06VUd+zYzwmTHavkBZ/gcOK53ERIbGSnjykMwQdFtFrpyLzqHKCVyRM+ydXhZdnVuKj9kj8XBHxQEndoAovBk+MaQWG0jsDxBtU/bMObkFCu02exa7t8ea0zCaJzsLNCQ4GDmQxYKCjqCLvoPFGtzj19XoOZInH+wL+EDbxLIdaeMNEkJaJdqmYz1pNEvLEKu8mUHU40Fvk8TQXzEGUBUiVDotJwoPfNVlAtGoUpidNHl1FzVVp8vvt5ZFZTjNu6j1Mip8+cs2uTtjn9c+oaWr2XxnPqQ4GgGIgpv3Gklmhq2uBoCA02fDqbxuE3BnDNG2GThbgv7fJQJGQ0dylVJzrMwZzquhL8KuQNJOm6v67mkbdLjgIEmgiBAUTSrStQd7ATTcSE3I9ShWm4y5d03XHmlPLcUyIvA0LN3eMAMUPDK9cWVUrdeS+67qox8IST+nZbNEQQAGUIcuJUTOsQfG4lVGCknDbZ/aOWUgoEWzxflIc1RAvqbai42Ql+Mn7xxmArzacLk+srM2I6PoNwkdKoXUpuTsKJzQuwS9r5qt+FcFBOIHzZxiq5sxcGZtZxlZD/wmkDhYHC3iW7gZckmwdOMkPAhbFV69qUKPKU11nHdIUJqy9hvfhuPLZixkvj4VSNqZHkSt49KNhFAusEuUF8x9gspyizRdfyToO8kyCFvk+gjXDvUoFAoseXhIeTrN51hN0I5h00NI69NiJe1um/zWvZeeIopL56jje5BBxlSwQAYBqA1BHfSwlT0ldqmCAhKmQsRPqQE5NH30Ddjslox7gDJASY5wnnJBjCDksgBTtWvvjYqHkpk6xIO2w4sOeTCIiDk//nmgvFpEpeAtj2+T92mPTHD6Gk/xlzIDCl8DftPTG2xXMBnQcboeq6kTMBvxYvD8Kz6bsqjJFnmnVHKQ1F+K5VqwTepwBrARimRFOi9vDZlRaeI0zgkGYuYmwmnJn1OrPBwHje9oq+Lp43yFYXCQEn9EPy5vsGcgqrNd2uFAhgsSDrsIpyjOfL9ea4GyLJaCyCSY6jOC88fuMkxTS3aEfFjhOHHBEaUxVMNYQKT13IjeAFtOp7hBOaXSYVLNuqjNgmttVwWtrGjJMzGLTZX2qLE3EqKlWSnSH1z3eVDUF+OuQzcn7YrFCOoU3eNjZKD15hFsPCwvcHU/fgZdWD32QCecjjsvvZdbLbI6IFSme0L6aOMQinKWyjUFzg+E/O0Dpjh9qDDG3CN6csYDTmU+Mma8OzzcuQUxAYYB/H5DUEU9WieXGKY2x5Eh87Yk55XZ+OifJKBIrsvqHbLyGcDvFBsJHjhIpwOiT5FcqhLpU8Jy6sEpzwCKDB5LVIqE1DgTOUeCnLwdrYt61AtlIe2ASPKZB5vTYIC27Ayc0OmpA9dpksMqcLHGRNqt7xEsFMwAPa5CjcxpxKt/GkaFPG9LSp8CXC8Ygpio3HIiGQAptyLjzfVRqSOmMhLyaFXJJQBykkJi6UAz4l/Bo4ShP9OGNCafBDlM2Y/HPVKovgA4555F4dzJpck+cKlUiqZYwEeeBLxWqQhH+zKexScSzCh80n4dsU18L0uZWQ78YPJq7BJOS2qUAIAySuO3/wYBbFD8KxbKhCMhCOX8wM2CixnVNBL9lm1xk3O05McRQj4mXDMZSXHieOIUSXrDOXLq4FX3iWOL2hpDF18puKgQjY46wEK/wU4EZEV9XB28XYlrVJtOCp8UMUGaadKQnPazW3AWcxAQBdS2kFQrg0JnJOXQg+LoIi+L8+Teb4StiUkF/EyWgrXxDfERz4+3S9OHXab1OBVMNFeSmn9omwINeD3SA/vETY2XGU5OicnFfYHX8ed5vs2vk7Hf1ZbByeaVeJnwH7KT/cT7QDR26+EOxG+VKwM8x/eEj4NwuEosM521RwALNzIXqCFx2UFF0f+ZuO1fc1RyDP24E8EafoVATFjamtKkQGEiHYteQKBCXNhqIrOTwojMfFxtncEZyD8iAMd2jC6RZzHiZyTGxEMVaF0wh+1K659LbEpk0FUsf3MbSFWjQeTiLEp8OQyskJJZYLimNMJooxYD7kMRKBlajMcbhCvT4VIfIK02pVSoTw0iffLTaTCIosr/jYJsbU40lM0Hx3CfDh5Vv9brfZZ5ttYTZlIwPJZVX2r5BxttnvyrbaVCB0RqQJNu9BHK9Wzv7/LiDiAjNJMpfgsOIkZDECIECcPrxHSNMkwqEiSdgxiZ65cErnVN/1y7Wae9KV2Yykz0R1hIn5pmPNuYg5KuSpYH3JBdNwL4E5bSuQNCnMQ8kXQjw9L2S4rJrSNVM7gLHSRmJ4pa+dosKqfkE5oqIYcLwuEvwbmJvIYifawWIEliGALwZTAoKNmsjBqQiRQFWmXRzJdWmENsGharHA5N023T/+BAJ3ELioCBiYgvUg59JjbqVqC51vvbtSIJs8WL7XCAwJAUKvE51FidyIknPnREVkYC4l+Nnor0qd0va7iCgrTNH4Rj8W2QCmZFkgGiv54/ATk3PW9anRCqTkt9N9jR4BHJjQbSBjp6RftBgviAwF+WeEs3ZJdZP6en6FpLDNUr4oo5NjVCX5ZUTSERk5JakyXsOOgEWlqLSt9YsO3p0ZgY4RwF7O7hUhqGJMvr060FC8ivo6uRC+20WJ4+p4blspk4sya4u9gIz/x8dwcPxXZJRPUTA3bh8n1gtpqRXIFB8rz6ktBIjcIYIHIRKLzOUpSV6LPc2rzZPAVljhI80JBNuqU0NiHomf+EE55Rw2pQWrzIXKpjk1fKm1+/9hWIFM+Ony1DZGAJodaCcQdrLJIbtxwwNpgHwPGANyIbu+VHmEFOGGmZBIqTbK+aYaI+SNke/VRbXNgSzf/wYq5Uq4uDPdCmQoj4LHMUQE8op5fFmrVClDHPM6Y0I5oiRzKf1OgMGCMPo26DnwWaEwoB6CHoS8nalLnoz5+hhpVmzOpR+WYhNzR0agBQRSvYopOtCBh5wtqDHSe+ALWY32FuAr3gTZ8+zCYRemhAI0QlMW1o28HdIcEOZdZRbudP5WIJ3C68ZHjABEd8n80UYd9KFCQaY94bzwfD0k4/0a6niXjYtwXUxvkJ2WomIZAkYwZyQFUpxqxwpkCI+AxzBEBKgiCJ02MkUH+hAx32RM1Kp/uCSKmRE9l8KvN2lzDPfC7QcZI3JspIkvNm4rkGJQu6ORIYBzOZUbJuYexlbLMBHAWQ6XFgwTUw7bXYQ+pLOJjPZ1QYEeUHKJrEBKou2+xoQADklo/RFeUJRctQwTgZTVDjMt5Rlyx/IwR9zeqEiUhOIJ6YpPbOlorUDaW0i3NC0EPhcdyoSDUoJgTi+lMa0kiZCE/1K7HnLIXunNewAOk13iLivuq7MC6WHF3eXgEYD0EyJOflO8ByoMy/AQoEok2djwQB0diBIPGd4QOx8RfF/UdkfeGUtmd95p6sAKpBjU7mhECFBelJBW5BWSHjCisc9pqJgYMTVCeMlLdMpJg8vWFc6vVIgLyhYYiIuJFUgxqN3RiBBIdBgMuReSuhFh1edQPxF23btFRuG2eLT6nE+TvpOplXspkkUCZTGxAikGtTsaEQI5x1BvxXpGhFcfQ6XM62djIiQcUPw9R4HKnRwYhNou9y0JghVISbTd11gQSBFYJGlRnQ9HumVYCCQqegpFUYJ3rgIXVirex8bn6SWBsAIpibb7GgsC5BRcP/pB4GqyDA8B6nuQdU6d8LlFXuWrAX3JzvE/MF9hxiomViDFoHZHI0GAZDQ4lIjAgn031UMfyfBnMcxHSeIEAmX7ZbYoXT0HMAj2IOgDsQKZw4p7joNGgJMHJxCkVHW+QQMysMHBUcauG8VBCOuNBja+0sPJnehQ4h9ZcgA+gZRE232NAQHYXGF1RTBfpXDeMYx96mPkdEi9j5tL+nz8jRN5zvKpjIEXMsyXlQTDCqQk2u5rDAhAnAhDLTTZFwsFl3CkW4aBAPU97h+zzsn7+OIwhtXrKM6UtFMcARU0X1JyNFYgJdF2X2NA4C2S7irpDEk3GMOAZzJGnOVvi3MlsZMET8v/mfFSJnpxXKxA/AgagfMicGqkLuFlhSIZquADuFMMM4a6/A3x1DTU8W4yLioNnhbyHLaPvFf3iQ70Tdqcyr0fiaY85nOQJMoEFxMrkGJQu6ORIAApH6arwyUd1vOYybLeS9JVgm37CsE8cbn44uTva2V1IBjms6Pprechd9L9i0LJ20MlfTWE7O4ZqGW+3Ukv42z0FEkkuyIkEZJMWEysQIpB7Y5GgMBVs7rnB0t6VYExQxVPJjVK4XohdPga8TdFgtb5fmL7xgY+NcG+D6ElYdXUZcHEaPktAvB/EZmGPDkWPyuGzzoPaLFBuSMj0BMCtw3mq3fHviGow5zVVDjFkK9Akhe7xF1Dktd20cxE5jDKYlPhxfrNOE6y57+zaYMDvB9TIv4PyrXeXhIV+Cy/RQA+sOSrswnLT4YR6BEBSqJSGhW51JIEtUtLurWkiwS/w47RvMTumJNEG0ohnz52/x/FWt/8/nn0BUCtgvKYutws0JR8NEbCYbo6aeoTbjC/E8Izcbt4336lT2g+gTRYMd8yWQSIoX9QcEZCk0F2L19ImHk5PSS+obYnD5cRpwgUAgqCsEzMEnNQEKuwRGHsEek5MM+5qNf5EXtf9JPxyb1ikMEqXFv73AqkNSjd0MgRYLdLZTuKE/0sUGVcooX5UC0Ohy/Fqchu3yZkCnOCOS7+mzoWlsUI3CbUuXhvxI4TH+GqlvMjkJ9A8BG9uSRIViAl0XZfQ0KAkwXlUPdvMKhfRAUAZ9bZ8QTxyVjYiObIDkZpWJohQMY5dCWcAovXuGg25N7usgmrN+jd8dQR2CU6YKH7JgT2nBiii++irhA6iokJfwT0GV+PTmubU+oiuP51iQ0AmhLMh5gULYsRyE1YPoH4KTECGyKwQ4x+uqYkzCBN5O0xMY/oKZSHpRwC5LdAEIjrXw/NAAAS9ElEQVSCJq+B6DLLcgROjEEdXMGJmoTSYmITVjGo3VGHCJA78crIzPp7a/TDDhdHLdm8V4yKB4rwi4ckwv9aox1f2h4CKTEO/wdMAC7mtTW27wlh4nvHS/4shI2/tb2lWN2SFchqjHzFMBHATk4C3oOjmWqrUaIUPhNzMAjPfWfc2RJDn4REvEOimYpyqZbyCFBNj2Q4lAa0+pgPLVsjkJ9AHMbrp8UI1EAgcSKtqgXxr5Eb6HWSvrSi3fRFHDoHVg14RnlJirpi8PsGgsDjRzmL8oNO5J/0fAdJ7yo5BJ9ASqLtvtpAAN8GGeIQ7C0SHK5wJ3045lRw+qgj+DqgMnlWSFx7Up0bfE2rCBBCjQ2fUwf0JTYh1oM3VyB3jCHi9e5s4SorkBZAdBPFEIAeBH9FlWb9y6H40xujH+SsBqPBHEZoLlLcDNBgvFO75aIxX2bbcFK8px3nay1vUrzchC+Ek3QxsQIpBrU7agGBxIuUmmKXelQgHaSKICG6TQUnPOG5CMqJWiCWcgg8MAQxHB1zZ1AiDpGuj/3Lg/KlDghy0xB5eHL9Wze/0gpkcwzdQhkEnhK6eWrWFS8ZzE2Un930hUMpUBLWEDiu0mmkzMzcC1n6BC7ARfZSw7EWArkCIfAAKpxiYgVSDGp3tAECkBVSp+MCsQ1e8ORq3LulkrOpDvoPwgvs8huM07eujwD1zTFLsr7UoHfS4HoYHinpYfEWCD0x5xYTK5BiULujDRAg2opM8CREVHFc//EGbea3/lMMCabmNuYUSzkEklnyWElUGrSshwCn8CfEW65WWgFbgay3WL66HwTYYbHTSnK/UHjpmJaGwukGqnSSB4vXlG5pDmNthog6CCdhId4nVBv80Fgn0uO4yZshfwahsFTRmjBWID2uvLuujQDmKup/I5iv4LWCMbcNyU830Gg4ea0NVOu1kZI38YFQvndTX1a9Xqd1VV7DBhaGopn7ViDTepimOhsSAqFZR3nw0nl0ixMl+5w2MYehmPwSaxHcLZrixIfPCTmwNIdTmSkW6eX+4eSB6ZXnljLIdfOeWhmcFUgrMLqRjhH4SUgO/P3Yx4tDuOcjW+yPuue8wN6fkdK12LybWoLAoTHhkxMfrMk40S3rI5ACQH4TFQi/i4kVSDGo3dEGCBClQ7QOgp0cDqy2hKz2G0v663D8f1xbjbqdlQhQ7wNafajbkw1/5U2+4HwIpBwaTtDL2Bk6g80KpDNo3XCLCEAt8ozYHmYszFk4vjcVnn8KP1F98KDIm7Vpm75/NQLUjofcEuFv6NstzRBICoS7i7/Pi3fYDCPfNXMEiG//YoYBWcuw8G4qlJdNocC3lPTBTRv0/bUQICGUxFCqOO5e6w5ftAwBKxA/G0agBgLJkc6lhH5eu8Y9qy65SUb9UDyGftXgJvz5F2K5Wk6W5DFYmiOQlLFPIM0x9J0zQCA3YzFd/CCb5g0cHMxhr4h5CIRAOgKr+weJ3I8UKu2w6c3x9glkcwzdwkwQgCiOUwPyplD8af8N543j/DGRPwgeIUv3CBDxRuQbbALX7b67yfeQn0Da2FStBZh9IGvB5Yt7RqBKqEgI4wtDKdqfNhwXxXduHxy5bw6O3Ls1bMO3rYdAoi55TkbBsV4LvjpHgOCSVL/GCsTPhhFYgQCO7j2za+AB4mXURCCew4xCGCnKydItAheMVBskbKK4391td7NoPfmTmOzNQi7TSSVn7RNISbTdVxsIwNj6DzH5jPbOlrSzpG+t2Ti8Qeme4qVA1xzrVC5PtDG/jImhrjq4+cqShU42OsIpmtN0MbECKQa1O2oRAV74mELY0SKcStjRrvNCSpnQ3H8FSd9vcXxuajEC6WVHRB3lgy2bI8AJPEWywdAAU0MxsQIpBrU7ahkBjup7ZG2+V9Kd11AisL8eH++nnVNaHp+bOz8CyWTo8N32ng4SYF8Zm8Mf2CZP3MpRWoGshMgXDBSB7SVBhwEpXxKUyh1DZbt/qzlmythSzvYwSYfXvMeXNUPghuGU+PF4a/HSq82GPIq7OHkTDIK8RtJ9S47aCqQk2u6rbQTI4binpItlDX9XErb2Oj6REyOB4nFR8bQ9Prf3WwRSHg/cYykU2/hsjgCO84/GZt4QGBvusXmT9VuwAqmPla8cHgKUuKWe+XMDGSKJgElg7+WLtYpjKYVAUkaVTHRLdwig0PE1HVCAup1dOZuKS4Va99tJ2jY67WH8/V7s/6zuplq05ZxNgbo5dynZuxVISbTdVxcIbBNqIFCVjYSqXHCo33VFqOgTIxssFfHyU0wX45xzm7Adc/JgTXZqsWgX9S/2imzKt4hrSETeRWqCfU4oo/u1kEzKb9af+/jBLAorAT+YQ3k+Ph/52AhBJgiA69jA7BCjAK8YFRX3EGVGUAYbGXKUaJ+/Ie2EBBSFRh9wsV0y/uZdTH0UyD25h79p/ypxbDeIc6L8MtxwsDDcO57mSLBFiuczWYHUfNJ82aAR4DnmBYIzEd9IknPDl+95Ubn8qjIDXgDsQi8vCV8IFBuWbhCA/BLKjR9GvDeljOEU81eSri7pwt0MeRStwsRAZc6UT0OGP/Q8xcQKpBjU7qgAAtQMIRrropW+cLZztP9G9v/s3l4bCxn9RXgZvbrA+ObYBS94dtMUBGsaffX6WO8bGn+UxtzktHgKyhNowYBTyMsDsejrIiDFE2KtQOb2KE5/vpgSHhDK3z5+hSmDnRsmBV5ucDKRkGhpH4G7B3xRANTqxi/1qTW7eGegfd93zXu2upzTJj4vNhmYjzAvLauGyDNyRtYY5lJMSpin6uQcYfri5Z8E09U6zxnh5ZinctJQAkfyUwbK416xg0cEc9iRLWK1sikrkJUQ+YKRIkAkFk7y29QY/64hh+TTNa7zJesjgHnltoE5oKmD98OS/mRBt7zELxOj7TBFcl3alWOezF/w0H1MKVGUcgb4XhAUYjLbkgf1jvWXqPkdViDNsfOd40CAhEHs5SiURYI9nl3lt8cxnVGNkhwbnNRUkYRuAwqaJoJtH/ZldvSbUvg36X9o9yzzIWHiSoq0yJitQIrA7E56RoDnnNKp7FhzgU6Dk8eZPY9vqt0THYddHt8T4aZTOgX0uWafkJSissh7wmyLEOH22ZIDswIpibb7MgLzQoDCUZhXjgjhqfA0WdpBIK8B8rHoW6JlwnuhiykmViDFoHZHRmBWCFDr/PToi/jzaIKaFQCFJvvGrJYNOSrkmRQTK5BiULsjIzArBF4m6UHRyU2U27JIp1mB0sFkjwmOdBT0r2NyYp3osNaGYQXSGpRuyAgYgYgAuR8kDRIm+5Zgl9/PyHSGQCooRbgvJJVFxQqkKNzuzAjMAgFKq0K5gdMcFl6oPyztI0ByJooaSpeXhpymQ9rvYusWrUBKI+7+jMD0ESDDn0x/EvEuG7mhpj/r8jMkPyaF7d4vlCbAnFVUrECKwu3OjMDkESCJD+ZdmHBhSqYKoaUbBB4eI9xo/fp9hKNbgXSzsG7VCMwVgVRiFac5GeiEmVq6QeCoYMJ6aF8OdKZkBdLNwrpVIzBHBOCKIvMcwkOyz+Gb2pR5d4441p0zjnMSNCEL3aXuTW1eZwXSJppuywjMGwHqrxB1hTwqMPC+aN5wdD57aocQ6QZZJZU5i4sVSHHI3aERmCwC1DxPtc/3jkWUJjvZnif2RxltCVn+L+5jPFYgfaDuPo3A9BDIa3M/LUyvWiFyejPud0YU6KJQF0LFR5R3cbECKQ65OzQCk0Qg1e2g7gcRQfBgWbpDAHr8O8USuJTG/U13XS1v2QqkD9TdpxGYFgI4zWHcxWF+Yoy+mtYMhzUb6rfDeUWQwhtCrfZ79DU8K5C+kHe/RmA6CDw7VoBkRnaed7+utwv1bU6I3fSSQJimaAXS/WK7ByMwZQTYBXP6uHwsFctpxKG73a44ZWyJuqIa4W7RjNVtj0tatwLpBXZ3agQmgwBMsFBo/FISDLzU5bZ0hwAKG/4rfj9e0vO662p1y1YgqzHyFUbACCxH4NQYBcRL7VaSPmOwOkUAE+EL4imPGugEL/QmViC9Qe+OjcDoEcjJ/GDfRYFYukUgRV+dE4kqyfjvTaxAeoPeHRuB0SNABvTd4ywOkIRt3tIdAttK+l6kb3+ipOd011W9lq1A6uHkq4yAETgvAjjLyfW4QKzDTe5H0Wp4M1wQwnX/MQYtQFRZtP75IrytQGb4FHrKRqAFBF4RCkUdHNu5j6RjW2jTTWyNABhz0vuupD8YAlhWIENYBY/BCIwLge0j6y6jJvP8Mj59dL6AnPQIVMCM9WpJB3beY40OrEBqgORLjIAROA8C747Z5uR7QOR3hPHpHIE/lnTK0E58ViCdr7s7MAKTQgDiPkJ3kV9J2s6su0XWF6f5M2NPYM5ppHexAul9CTwAIzAqBD4dyRLPjTxM1D63dI/A6ZJ2lwT+u3bfXb0erEDq4eSrjIARkFLWOVhQzIgCUuR/WLpF4CqRJoZeSCJ8TLfd1W/dCqQ+Vr7SCMwZgd+NYbtXjiC8WdLd5gxIwbkT5faa2B91V04q2PeWXVmBDGUlPA4jMGwEHi3p+XGIOM/JSXjjsIc8mdF9UNKekcL9CpJ+PZSZWYEMZSU8DiMwXAQuLOmsUAHvitkQCeWFhdfSLQLXCMy7X4rZ56/Kcm+67bVm61YgNYHyZUZgxgjcRdJb4/xh3X2HpP1njEfJqcO2+9jYIRUIeyVPrE7cCqTko+C+jMA4EXhbiP6B+RXBef6QSKkxztmMa9Qvl/SAWLKWJMKfDmn4ViBDWg2PxQgMD4FLhBofZ0fOqzQ6m6/KrdNpofrgjSJN/s7luq3XkxVIPZx8lRGYKwL3jdQZaf5nxjyQueJRct6XlPSDwLpLBBxRWKzFoMQKZFDL4cEYgcEhQO1tanAneVr446mDG+U0B7RPSB48Pk4NMxYEloMSK5BBLYcHYwQGhQAho18LZVMvlo0K2nZOIZbuEXhJOIEcErsZpNnQCqT7h8A9GIGxIpDKp6bxnxgI/fYe62RGOG6UN4rj+6HePMp8cGIFMrgl8YCMwGAQIP/g2tlo7i/plYMZ3bQHAmEiigMhYTNVfhzUrK1ABrUcHowRGAwCOy0wVcHJ9K3BjHDaA9lL0vviFJ8i6elDnK4VyBBXxWMyAv0jwI6XmudJHH1Vdk0+IunmsctBOtAZmxVI2YfCvRmBsSAATftrs8H+naQHjmXwExjnRyVBnIhwGvnAEOdkBTLEVfGYjED/CPylpOdmw9hN0qf6H9ZsRgBhZZLBvqcHO7DZPCaeqBEYJgJHSnpYHNp3JF1pmMOc5KgI3SWEF/mcpOsNdZZWIENdGY/LCPSLwHGS7hCH8GpJB/Y7nFn1frKkm8QZE0r9oqHO3gpkqCvjcRmBfhH4iqQd4hAoHEUBKUv3CLwwEFY+Mutm0O/oQQ+u+7VyD0bACCxAgMzzc2KQDcWLLj00FtgJrxp+pl3i/Ajjvc2Q52oFMuTV8diMQD8I7CrpjNj1JyTdsJ9hzLLXH0eFzeQHzztmBTLLZ9STNgJbIoDJKpWrpR7Fg4xXEQQIkz466wkTInQmgxUrkMEujQdmBHpD4BGSXhx7P0zS4b2NZD4d50qbWb9pDFUfrUDm84B6pkagLgLPkvSEePH9JB1T90Zf1wiBPGQ6NUAZ4bc3aq3gTVYgBcF2V0ZgJAgQNnpoHOsdJRHSa2kXAQIVqHH+HElXqzTN6QNz1k/a7bL91qxA2sfULRqBsSNwqqQbx0kMlkZjxCBTX/4ISVddMIdRmK7SuK1ARvwUeuhGoCMETg+V8HaPbe8o6Ysd9TP1Zq8l6bKBlPK6sZ7HvhHXCy2ZOKHT1KAfjViBjGapPFAjUAwBihfhOIfAj1rclsUIkB+zn6R7xo+/nF22LvHkt2PYLqSVoxErkNEslQdqBIzAwBA4IGTrH7vhmDAXPjkw775/w3Z6ud0KpBfY3akRMAITQIAItb9vMI9zJZ0QzFtHZUWjGjTT/y1WIP2vgUdgBIzAOBG4uqTHr6iTAhXMBSRx0jgrEFSS2U9Y9I/GOeXzjtoKZAqr6DkYASPQNwI3CP6i7UN01bZxIPhDKP/71b4H1mX/ViBdouu2jYARMAITRsAKZMKL66kZASNgBLpEwAqkS3TdthEwAkZgwghYgUx4cT01I2AEjECXCFiBdImu2zYCRsAITBgBK5AJL66nZgSMgBHoEgErkC7RddtGwAgYgQkjYAUy4cX11IyAETACXSJgBdIlum7bCBgBIzBhBKxAJry4npoRMAJGoEsErEC6RNdtGwEjYAQmjIAVyIQX11MzAkbACHSJgBVIl+i6bSNgBIzAhBGwApnw4npqRsAIGIEuEbAC6RJdt20EjIARmDACViATXlxPzQgYASPQJQJWIF2i67aNgBEwAhNGwApkwovrqRkBI2AEukTACqRLdN22ETACRmDCCFiBTHhxPTUjYASMQJcI/A/byJFkt3jodwAAAABJRU5ErkJggg==', 'data:image/png;base64,iVBORw0KGgoAAAANSUhEUgAAAZAAAAD6CAYAAACPpxFEAAAAAXNSR0IArs4c6QAAIABJREFUeF7tnQe0NUWZrt9RQFQGA2IYBsUwiJJ0JDhmBSMgGHAEETAroGIAHRUd0asiJhRzTqM4IIJZMY8BFQG5DCCKiIoYRsUMOnrrgap1i2afc/bu3aG6+/3W+tf//+fs7vrqqd79ddeX/k4WEzABEzABE6hB4O9qHONDTMAETMAETEA2IL4ITMAETMAEahGwAamFzQeZgAmYgAnYgPgaMAETMAETqEXABqQWNh9kAiZgAiZgA+JrwARMwARMoBYBG5Ba2HyQCZiACZiADYivARMwARMwgVoEbEBqYfNBJmACJmACYzcgW0u6p6S/l7SOpD9I2krSFpL+Epf/z5IulXRJ/Nmf4v/5+2/xzwWSfizpp/H/HMq/Oe9v49/87PO+pEzABExgKgRKNyDc6PeKN3Ru/pvFPxdHY3DzaBiuFv/eOP6+hPXDwCBnSvqRpJ9I+o2k7SW9UtIXS1DSOpiACZhAXQJ9GZB/CE/rd5O0d7iZXkvSneIEfi4JIzAFuZmk709hop6jCZjAOAk0YUBuIekISZtIujC+Gfwsbgfx1sA2ENtHO0q6taQNsy2fcVKdb1a3knT2fB/1p0zABEygPALLGJCHSTpE0rYtTes8SfgeEPwTJ0djdPX4sz9m4/LWgnGqIzeWxNtAE/LraBx5k8I4fC9uX+XnxgdzYhjzXU0M6HOYgAmYQF8EFjEgu0aHNG8Q95N0/YrSOKNPkYTzeSNJOLCT8BaCnB6dz6fFz30jGKHfx9/hK+DGW7LcMb5NXTPOg/laTMAETGCSBOY1IA+W9J8zCP0qGJLXSTpG0hkrEOSJGycyT+cWEzABEzCBkRCY14A8TdLL4pzxcxBB9EFJH8veIEaCxNMwARMwAROYh8C8BuSdkvaNUUNN+Qvm0c+fMQETMAETKJTAPAZkPUm/iM7hD0j610LnYrVMwARMwAQ6JDCPAdk8JPOdE3Uiemj3DvXzUCZgAiZgAoUSmMeAUK6DrOoUPktpkJMKnY/VMgETMAET6IjAPAYEVfaT9Hbpsh7q1I3aUtJ3O9LRw5iACZiACRRIYF4DQrIdkVc3iXP4paTbSTq/wDlZJRMwARMwgQ4IzGtAUOVJsQjgVaJe5HU8T9KrO9DTQ5iACZiACRRGYBEDgi+E0hzVYodsbT2ysHlZHRMwARMwgZYJLGJAUGW7UAzxFZLuXNHruGBYXivpcy3r69ObgAmYgAkUQmBRA4La1MI6Kvg/9p8xB/JFKHnylFgAsZBpWg0TMAETMIGmCdQxIOiAH+TZoWT7cySRaFgV/COvim8rdOyzmIAJmIAJjIxAXQOSMOwk6emS7h1DfKt4KLmOo/3IkXHzdEzABExg8gSWNSAJ4KaS9gjtW/eUdHtJ61bIkoj4mNDO9aOS/jp56gZgAiZgAiMg0JQByVGQM/LvsfjiVSuMcLY/2qXdR3DleAomYAKTJ9CGAUlQ6XP+8lDyfYcK5YtCaZQnSPrQ5OkbgAmYgAkMmECbBgQsONvZ2sLZfpuKn4SckrdKevGA+Vl1EzABE5gsgbYNSAK7fqyndeiM/uNvCuXiDwpRXbTEtZiACZiACQyEQFcGJOG4WuwncnTsL5J+To902ubyVmIxARMwARMYAIGuDUhCQlHGl0p6SMboL6Fk/BFh2+vwWPF3APisogmYgAlMl0BfBgTijP1QSa8JfzbKloC3EAwJNbYwKhYTMAETMIECCfRpQBKO68WsdiKz2OJKQlmUwyS9oUBuVskETMAEJk+gBAOSFmFnSW+c4WT/gqRHBCf89ye8WltI2juUzr9uqEN2nbD9d43oQ+LfdIqkUvIlkn4Vu0d+VdJPJB0ffzZhdJ66CZhAWwRKMiDMkTeQXWL5k22ySf8plkMhr+TitmAUeN67xeCCA5fQ7cLI8y1LnMOHmoAJmMCVCJRmQJKCZLA/XtIBkm6dac0T9r/FN5WxLuexkm4Q+s6TiNmU0EHy+mFL8H+bOqHPYwImYAKlGpC0MtTUwoi8TNI62XJdEG6Ir5NEDglGZSxyoqTdWpjMz4PRvZENSAtkfUoTmDCB0g1IWhpufsfMaGT1G0lvi8bk3BGsI/6euzQ8D3xHZPu/ueHz+nQmYAITJzAUA8Iyoev2Idnw4bGZ1QaVtftw3Nqi4u+QBYNIU65vSuLNAfmX0O3xrpLI6Ce0+eQZmfv0XTllyBO37iZgAsMiMCQDkpMlGmmfcIPFubx5BfkZkt4nCadxugEPa1WsrQmYgAkMgMBQDUhCS7HG+8dijbebwft0SRiUj4ekxbMlfdvJiQO4Kq2iCZjAIAgM3YDkkLeV9ERJD4j5EistAMaE7S4qAV86iFWykiZgAiZQIIExGZCEd8NYQp43k10r2e35EuAzoO4WuSV/K3BtrJIJmIAJFE1gjAakCpw3E9rs3iJsZe0Y3j7Y6iKTO8kPo1P+s0WvlJUzARMwgcIITMGAVJFjPJ4qid4klABJgn+EkinfKmyNrI4JmIAJFElgigYkLQRvJmxf3aPSKXHKTIq8SK2UCZhAmQSmfrMku/2BMckO3wlCLsV2PSwX+R/PlfSjHsb2kCZgAiawMIGpG5AEjCKOFGxM8vzwj39fmGb9A76YZdlPYU32iyVqbipp4wo2ytRQVYCKwkeG7UaqDVhMwAQKJDCFm9W82DEYz8s+3CWbM7OikXeX9Pk5lV4v+m2IOLtmzFbnUG7C7w5+nj/EjHUadtEFks//NRirz0i6lqSts/pYP4t1xTiGXiwYVKLT7hcz4CnwiM/o2jFBk8Zf5OEgf4zn5W8y5TkHfxMmTaInAQy84d1mznnlH6OaMH6plGXP+Sio+YMa5/IhJmACDRLo8ibZoNqtnIqbXF5Pa8vQcve/WxnpyielD8pj448XMSAUmXxaRzqWNoyv3dJWxPpMjoC/hJcvOWVRuBHnT8hdsqlrQGgHfNDkrtrLJ9zl+vSFmH4wqVTPryV9emTVp/vi6nEbIjCFL+FqqPiCsm3F37nwZaXbX1fyuUyHRfwvm8RkyIeEkvfV4pKzdGf7Km07VX/PlhSl8cmLocvhVvH/bGPxf/xE1CDjHFw3v4tdIvk/odEkZp4fT0pwArrdPPY2YeusSaHiwNFNnrCwc3E9viTmLeWq0c+FrUnCzS0m0DuBqRkQkggpbU4ILw2WVhL6cuze4ergf0jO5MfFPieLDI9vYi9Jh0R/wyLH9vHZV0r6WnCkM+9ZgtHCL/SgYNAeFasw55+jvhlr+ec+lG9xTOb0Hkm0MF5NFnnIaFFdn3rqBKZiQLjBPjs4e5+xxoLjsP1UeMLmC5qepru4RvJSKjjQ8YPUlRsH3w1vJP8YbsJ7BmP0D3VP1PBxGA0qJNfxK1Hf7P0xCCCpxbYfXSvHIHTdfFbwwT1sgclwnXCdzhtwscCp/VETmI/A2A0IT3I8lROldL1VkBB19Nrw+y5Dd5M6lFfhaTwJYatESDUl9FAhWXLv0HwL40IU1VrCTR49vj7nnjs3QBpX7VA5MdtcRF99Mtz8X7TWoGv8/uJ4rvQx8mU2XfKcJRy+0jZq0o3os1mVpvk9DzlsZ9mIlLCSE9RhjAaELxvJgRgP/p4llC3hBkmoKV0APxQKMJ7W0/q/QtJTsrF5G8HXgB+mbcF3gYFJ1wFRaD9ue9Aa539wbLKVH0po70o31hpD9HbIB+KbYlWB/5H0hGze35H0TzO0fId9Ir2t3eQHHpMBIdcB/wZ75is5iknYY6vgywWtPE+gONFzGdO6LIt63diB8bbZifB97BKjkpY9f5/HV3OP0IVulG+PPWyqus36PJ+hsdrr+pyIx54mgSHfqIgKYm/8ZtFnQNtXkulmCe1hyWrmy1la6XYbkJW/e0SCvbriE2L92I7DJzJ0qV6LXJ/4r1YTtgt5ayFPKRc71od+NQxQ/6EYECKm9pDEUyhbU+y15yXZZ6Fnm+p4SURUlVxhd9ZT5SLJhAO87NZUmRInL4j9XKr+ILZ2iFgr7UFgzUlVPlBdd9ovrxYZmB9OgMQ5M74DGKB3hVpuH1lUGX/eBOoQ6MKA8EW5a+xTzpPTanv76MNTJ4bi4ZK2WeBLxfwvCjkLR8SxfloHSA/H2ID8f+g8FOwfAxpmLcV3QxDAq1b5fQ/LV2tIogJ5sMnzjxZ9g+BYItFSomGuCG8xGBOLCbRKoC0DwnYSpTnuULnA2XIiYY26ShgJnIKEmfJWsX5MPpt3wiRV0fOcJ7ezYk4BDulL5j1BIZ+zAbl8IbgOCPO97wrrwnqT9Imfi+TFIQtz/Fg2gWVCt1dywn8jGuM6YdNDZmvdOyTQtAEh85hMWQxIk0K0FMaCCq1Eo5wa//y+yUF6OtcsA9L0utSZWpfl5XnzIFx1pQQ6IubwhcAKQzJUISDgTZJuGEK375NNYtk3BvJ9MCSzpE5i6lD5Wu+OCTR9o3qDJC7YupLCSHmLODmEMbINhbEgxJZKr2OVfD+fG8wyDJtglJeXpx0wa9GmvE/SQ2cMABfG3rdS6LJNXdo8N/kw95oxQBPfQ5zrT86KcubDsJ1FlJbzRdpc3Qmeu4kLN8dGtvHBFY6U9GaLiXwLsrwxBIRhkjw3tlIUdS8hKgGzrYEPh7esvptKEXSQwma56eVPy3XnuNJxO0k6acYv2eo8IF4zTY/Z1/l4GKqWtF9m+2rWPCgKin9k18ovnbne16qPeNymDQgF9Og1TjQJsezkN9hIDPMCItqJhEaEJ1iCE1JPjqZmxPVCtFwaJ52XPB2SQFeqldXU+F2f5/CwBXdYZdB5Qnfr6DlrW6utsero52NGQKBpAzICJJ5CJDDLN9N0/an/OyOfgTdVCllSumRsQiOsakkXmnvt3NJEZxkRfIl1Gnu1pKJPO2QCNiBDXr32dZ8V4fNZSWw7LSvVBl6cjxDvO9YsuLisPl0cTwTZMysDLRq+u6ie+EY+Kmmz7MC2x1xUR39+oARsQAa6cB2pTY4BCWtVodQ6N6Flcg2qbzgETlCN9riO5tbHMNzIaRGcC0mTbVd+xifywUqPm6knq/ax/qMb0wZkdEva+IQoNLlSbxQMyMtrRmnlTbRQmhyeMbfnpT4bb1gkESbBEJM424VQ/uW92UBNO++7mIPHKIyADUhhC1KgOmx9UKp9NSHc+vWxuCFRZPOUGaE+WV5Nd9lciALRXUElmmMdW1ES40xybVdSfeuj2gMNrCwmUIuADUgtbJM8aKWM5yoMjAdZ1tSyWil/ZIoFJHn65y0gl6b8SYtckIRHU4AU8VvIIuT82SsRsAHxRbEIgbWaH1XPRaUAjAjVCSjyl0qQUOaGiK4kJSRPLsKhzmffHPJ7Hl05kLypp9Y52RLHUA4mb5xGOSFqjFlMYGECNiALI/MBMVENY4LTmz4sdB286hpkzotvJhgTSpfkPVDI+7jTyMlSPHG3yhyfFPi9puN5053zhGxMSsSQwW4xgYUJ2IAsjMwHzCBAIUSersmm3zYkHV59DUpEXNHPJckPY7vdMcOt+nyYKz09ui52WA2f7toPM+Y1ntzcbEAmt+StT5gbFFnkFNSk7tNafVtQiK2u/SThE/hV6xr2MwBGkj4eufT1/cuDHM6WdKt+kHjUoRPo6wIeOjfrPx8B3jL+Ob6ZUJSRarubrnEooa44nDEkFwRDRC0u/h6y8D2jpE++zfeDSnJfl/OrhlD7PtAl/RGN5QtnRIs5kKnQdph2tNVif6upTxjx70IZdKo9572/ya14RHzb4eZMTgrlUUoTkgXxAeWCkdynJ0WrBmS7Fuqc9TQ1D9slARuQLml7rESAMN+8cRRRWDQZIy+kus0zi9ofVtgaKzUs9ejQ+OzAykS6KJO/0hVXNSDOSvd3sxYBG5Ba2HzQkgTOqGRgbx/eSHAyIzytUw8LXwo/5+a2llM+qfOl4Ee5y5K6NX043zEqG18nO/Ei/c+b1ofzUTrlJtmJfR9og/IEzukLZwKLXOAUyVyn5H8Sst3xCawkGJIdQ+jvXUNNp21m9AGnS+UnQktkci1K28Kqhs3SXZOqvC/rcV3YEkzFFTEmGG2LCSxMwAZkYWQ+YEkC+C2qbWmJ1Fqk4+SNYzb1n2K3Sv4uVar5HzjTiXoiI7wvwXilumP4jZ7elyINjstbK+Vwfhl6ErHF+XVJdNacp6xOg2pM61Q2INNa7xJmSz/wn2SK8ES+3ki/6Pg5vhIqF+ffM2qF3aGAhcjfQApQZ2EVeBMlq55M+q1XOJoHlVkJrhfGyL7jQ3kZ3l4/POOhZmGFpniADcgUV73fObMNlffm5mmRyKwxCjkWt6xMjNIllDCx1COA4SO/6ChJ69c7xZWOSoaG65KGZv8RDUtDpx/vaWxAxru2pc6MTPXTMuVwMF+vVGWX0OvOcQslP4X9DUsAlUSHRd46yOBvW9x0aw7CNiBzQPJHGiVAO9VTszPS95wQ3q5lXUn3jD065i1Bv4iOs9rX7hVzYBY5jz97OYFZ7Xl5eyXDn7wiAjPOirCuFSLfnhjzg+aphLASY8750Mobs9cjI2AD4suhawLVN5CuM7Jp4HSApPtk0UePk0QuSpNC73OMSC7+vtUjTFtemm/lQkIpDc3y7dB5zr5BzDfiQea6MR+JJl9USZglfmtchaov6HkuOX+mSQKE434tOyHRSOR8LCPcFIjAIV+EPXK2xYj2onw8W0mcH2fqzVcY5Akxy30ZHarHVpMlXXOqHl1Kz+M3Sp0cuaFTfWBRwzHP6FSY5uGCt51cSk1QnWdOrX7GBqRVvIM6OTfcfSXtHCvlkuxGtApd9Lj5Idz8KbtOQyL6pXMM2wgXx5s2znB+n7YTOAf1sIiywuHJDZ5aWCQHJiEKiy8on904hvMSivmjeAwJbxgISsaTjIfDk/NgDDh2nZqUOZbije8IYbXHZL1Kap7uSofBBJ2THNJz7kdT8+ryPNUOiozdhW/iWZL+T2WiXYzbJdtGxrIBaQTjoE9CS1WS+nBO3miFmZC7gM9g6HJOaCF7eoyy+XQ0fm3MiTyVPDGSNyEY82ZkmY9AtQMm7NgWfMV8hy/9qarPhQeatQqBLj3o0E5gAzK0FWtGX3p3vLAn53UzM7j8LGxn8IdkMRzhvFVQdJGyKCmB7JSQNPfbJged41xssbwt+xz79/heLPMRqL559PX0zxqylknI3+E6s0QCNiDTuxTwEeB3YPupSfl29kRPG1vKshNdlZyTbFHRPInmU4/JBv5NiMrafYYibFthDHKh9SpPgqULDvl8jrzdHV660oXo9/bwULB/pgu+LZzlfQg9bUgETYIe6GOxAZnkNYCPAQc2PoyqcLOmOx0+D/bvEXwNlLnA6BBui5Egi/zccIP8cexxgbHgyX9eIYY/r1eFUekirn9e/Zr4XDWBED/O0HuaNMFlrXO8NXB6ZPahvt48cj3zUijfihFca81jMr/3G8hklvoyR/ZxlT4c3PjpiZ0ycHkbaFt2CKGTGJ0kZP4S/TImoa5XypLG/7FWv/gxzb3uXCjjj98ovRn30e53lu5uvrXKitqA1L3ch3dc9emOjn8PC5FVH+94KtVSJtQhomLtWISos7y4I292KQR1LHNsYx4nZNdBCW8eaY68EfHdSdLnllob3Jc6pw3IUvgGczA+BrankuCfIFP3PT3MoKoLdYcwZGORjST9IpsMhpqENcvKBMj2fl/8NU/8RAambdS+uVX9ICUZt77ZXKFKaO/KWIHWCJDvkHIveDomsoTyD33I44Nz/fXZwJQWJ0diLILfiKivtG1FSXHeuiyzCbB1RdQcARf4GyjLXlqkU+4HIUCCygWWSplpAxknAQoV4gBPb5v0gegqln4WUSrRHpz9gi0CIm/GJGROU8aEaDcym3G+WmYTSBn75BodFgI3jigQFIEe9HBBCO19VIE69qKSt7B6wd7poA+MzvM0aN4+tlNF4mD4XKhDlYTsdpr/WKZH4CBJr4nTpjw7DzfVZmMlUMmDIsYY9FGbsQ1IbXSDOfAloTzIM6K2bK2kciB9TYBIr+RUZmuAaqkldxTsi9PYx712DOfeRNI3JO1TcA8OvjfkJSGUOHnO2Bdn3vnZgMxLarif+0zoS3GPqD6+kJ16nAo3izwRkJwSEgst0yNwaNyuIqADJ/onC0ZAzlO6Ttlie2bBunaqmg1Ip7h7GYwvKP0REAoH5qUZulaoWqKC0M09ulbC4/VOgAKY5HxwU8ZwEHXFNlGpQttbWucirw1Rdmy9WexEH/01cLsY4ZImiv/hfj3OupqURWRYG2W5e5yih56DAH4PbsLkyLB1xYNEyUIJndQK4C2VMjUl6926bn4DaR1xrwNUn/gfXHGod61cHg7J2L7+ul6B/sfDYLw7qkGFXd5CLu1frVU1IMiD4BOEpEKKkVr8BR79NfDG0NPjsdksKSlOUcM+hEQx9rqT0FHuwD4U8Zi9Edgu9Jv5r9gjBsc0EYIn9abN/ANTUJGEQuS98a1p/qNH/Ek/AY54ceP2FdtYyJdjs6c+ZkwdLhpP5TWhyEg/sQ9lPGYvBMjGpxgngRRsXT1I0qd60WTxQb+UfXfYfnvS4qcY5xE2IONc1zSrfMuoz7acVP8lqS4JPTp4GrVMh8BHQrjuLnG7ioTBlw5o6qdJ2jbqe2R4GCKCzOItrNFfA5SISG8gfZZgoNZVXnerjR7ko1/MAU+QumtUfaYyMU5oytlU/WElT49tXyo6IHaiZyvlN5CSL9vldWPbiNpMCBFQKR9k+TMvdga2qnbLDqEsROqzvtiZ/OmhEaAXCm+cFJmkDwxRgD8c2CTooUPFBOT46LsZ2BTaUdcGpB2uJZyVHhsYjSTnZaGIXeqHsaCWUBIaK3FTsUyDAL3nd45NxyiUOMSyNbtGfx33S6or3yjUOrtkGsu3+ixtQMZ7FdxXEoXqkrCPe9sepksbUMKHEb587H1TXsUyfgJp64r6VvgNKKQ5pK2rtEIk4rKNtW78wZ1jNNn4V3CNGdqAjPcSqOaA9OFEJ/LmovjF4ybC0yfbaK59Nd7rLs1sq1iWnRpSbGHRNOzCAU87r8hLHkjeZGrA01pOdRuQ5fiVfHQJBoSIFXqqIySLsZVBSKRl3AQoVULILtuXPEAQsksuxZDlrNBDZ4s4gcdEZ/qQ59OI7jYgjWAs8iR9GxCq/uIsvWakQ2Ml/DJD3MIocoELViolsPLW+YIQ7UkXvyEL1aPpMkk+E3J7SScPeUJN6W4D0hTJ8s5DBjpf5CRc8Fz4XQlNovbPBqOxUt6JsCs9PE63BOjrkRLtqAR970J7fCxChTeoY+MB+PHonkgDrMmLDch4LwE6/eX7tDgBKWXSheRRK4zHjYQw3pIrrnbBZexj3DPLLqdUCVtYlEIfutAD5FlxEv8hibwmixMJR30N0DaWqJck7EUTfti28JZD35GUf0LBPH5GRVPLeAnwcILfg6dzHhT2DAUIPzqS6ZL7kdoO9N0SuiikfgMpajkaVabqA+kijJcwYYwH3eYQ/B2U7aZwomW8BK4Sy/IT3vqXuFU5pnpRNEGjhhfirdjsOrYBGe+XumpAcGTys7aEL9bLsjcPxmE//KmxhEVb4/q8/RPgqZy1R2hPy3blT/tXqxENnlf53hCGnifoNjLIUE9iAzLUlVtbbxzYOLKT8MXeYe3DFv4EkVVvk3TTypHvjH0TeCK1jJfALcP2Dm+368cp4gcZQon2eVaEcvPHxQ+yLUcSbJsPYfPoVNRnbECKWo5GlcHfQRmJLStnpS7VtyQRq0+YJe1Ebx3/z0cp0cCWBHW0Uivc/BQXS6LF55mVKKv0GZz1h8S+CTYejS5pcSfjOiFAgocI5OVZ3k9xyi6oEFtWJL7S8IrvCf1sKAL5+wXPM+qP24CMenkve1riFbwr4cmT7QycqZbxE8DnQX4Pgp+Ays8/G8m06dV+rzgXikASFOACoJXFtQEZydW+yjS6SNz7Qih3fXQWKz9+qp4hBDAeGBFkTNFJtBtIgR+/Dm/ce4dqvB/3kl+ZgA3I+K8KWnHyNHWNSkfA6szp1cCWxGqCMUrXDLW18HO8Y/wIPcMZBPKcD5LrNo/Z2kOHdff4fUmFE916eZUVtQEZ+uW+mP4YkTvFPetNY8tbisRR7O6Xi53Kn544AXwfRCThEyBTm4eUoQtbcIShbxhD0DEevFm5dPsKK2sDMvRL3vqbQPcEyPchEAPB70WTqKGX9tgrvEWRZZ6EysG3iWXcuyc8kBFtQAayUFbTBAoi8OHw9kq5mt/FSLwU6lqQigup8u5QKWGf7AiMIxV3k5Fc6GRT+rANyJRW23M1geUJEBZOVBJyTtwSpVLtEIUQ3Y9UGq0R+v7wESVCtrouNiCt4vXJTWB0BAia2C82BcM/MMQyNeQ3kTn/qCwohJwlasc9J/auGd3CtTEhG5A2qPqcJjBOAlQbIOiCrHNyfUhCPW9gU6UvOwmPO2Z6U6WBUjzfHNhcelfXBqT3JbACJjAYAqm/PeHc/PtfB6P55a0MSKwlmzzd9whdPywU/3xVrLwwoOmUoaoNSBnrYC1MYAgEzg/11W4SFSVfglygIchDYoXg60Zl2a46IRqTofpviuBuA1LEMlgJExgEASrspqZktCqmXlrJsnEIL362pCdnShJZ9WhJp5as+FB0swEZykpZTxPolwDdBfF/IBTS3KpfddYcnRIrH5B0w+yt40WhaOgLR5Czsubku/qADUhXpD2OCQybAL6Cw+MU8Bk8pdDp0IP9CEnbZvph8NCXEF1LgwRsQBqE6VOZwIgJ0PODmzK9zslE/15Bc71OiAx7Sayeu1mmF2VW3hUd5bRWtjRMwAakYaA+nQmMkAC9ZSjtgZwbCyeWMk38HMdIwqmfhCgxanMdGup0nVGKomPUwwZkjKvqOZnA6gSuKuk+oZIyT+v4MghtRXhi502D0h5vCi2JebLfRdLOId9j3/iZV1ec0n2yvmsMwaVmFYLhILOcJMERQWZXAAAQI0lEQVQvxf/3qd/ox7YBGf0Se4ImcAUCTw896p8bkun+fkkuRGRRC4sOlHTsu3os507HSv5/Qezih0FqQx4r6chYOZfzk9hIuC7lVSwdEbAB6Qi0hzGBAgjkHQS7VOdTcZuJard/WnJg5kCXzZ2ytw62q6hf5ZyOJeEuergNyKLE/HkTGC6BZ0p6cQHqEw78mhBi+4YFdGGbCt3ZektCn45/k8S2Gm89lo4J2IB0DNzDmUCPBKiiSzXdJL+JvgLKkvwg/nD72P+bvA98JSTc0dUy3Su+GhsskUhIZjeNyPCdJNkiy71Ya6psgVF/6m3R7zLr80R+UYJkj+yX+Do+EcY9JOakrDWOf98SARuQlsD6tCZQGIG7SfpcphNlSO4fw3JXU/XgWKWWz7xU0jPmnBfd/XDCY3woXEgkF28Rq7VNRqc3x/7jRFfxxvHAynhfl0RC4EdD5VxKklh6JGAD0iN8D20CHRLAaY6jOeVJEPr60DnGp+Mg/oaz49sLBQiXke0k7SBpG0n3DW8fN17hZIyTjA3/xs9BguAXlhncxzZLwAakWZ4+mwmUTICtIBzQSXgjOH0VhdnCYpuJvw+Kob1Nzg8DcYdY1Xe3rFBjdQx8Jrz5EKJrKYiADUhBi2FVTKBlArx9fD8bg+zso2OS4OYhUgq/x7WDoUid+vgohgMhN4RQXfwmFCS8XgyhpdbURmG76WohPJg3BRL3/hi3ruiTflEMGb401KFaJ2yH0cxpw3hO/n2zaKDmmTr6PksSLXV/Ms8B/ky7BGxA2uXrs5tAaQRwPlMvqkT5btyiOiWWiqfvOsmCJDJioJJQBZhOiCQMko9i6YmADUhP4D2sCfREYK/onE59PXpS47JhCb0lCuuL0cGPk39Wngj+kkfG6DDejpLwhkMEF9tyNiQ9rKQNSA/QPaQJFECAqKjHxeio9eINeIMsGe+fJO0db+gUJGTLiHpYN1hgy4nPf0fSuvGYqnHAeOBjmVcIHd4n/rl93BLjWMKI3xOivo4K/pSz5j2ZP7c8ARuQ5Rn6DCYwRgKEypKkx03/GgXWlcLAvS/4QwgXzuUzMVrLpds7uCptQDqA7CFMYIAEUsQWtaVIDixVMCCUMWGLK6/v9V/RwLw1Jj6Wqv+g9bIBGfTyWXkTaI3A2yXtHxzY3IipP1W6YDyoKkzjKLbnkpBhz1zeIunHpU9iaPrZgAxtxayvCXRD4LOxx8aHQq7IA7oZspFRCDXeL+aWkH2fC8UcXx+NYiODTf0kNiBTvwI8fxOYTeD8mNhHuOyBA4RE8uOdJFGKhYz3PAyY7HoMyQcHOK+iVLYBKWo5rIwJFEGAqCwq3SLPjrWnilCsphIUfXyapEfFKLJ0GiLEXhkz7Jct0VJTtWEfZgMy7PWz9ibQBgHyLlKJE0J5iXYag/BWwvYWvp07ZrW2qFL8xphtT0Msy5wEbEDmBOWPmcCECFA6/fg437vEku9jmj41uDAgvJHsGcOUmR+lUjAurrk152rbgMwJyh8zgQkROCw8nR8e50vm95jrTlGPi226J2V+kq9IOi5GblH7y7ICARsQXxomYAJVAmxZUeqdmlNkf09BKArJdt0LsjeS70l6cuw9MgUGC8/RBmRhZD7ABEZPgBIjJOhRWRd/yJSENxI6HT49eyOhgjFVi+lJcuaUYKw1VxuQtQj59yYwPQJs25CYd2Joabv79KZ/2YwpPX+/+AZy96ylLwmJlJT/+US5XGHaNiC+CkzABHICtKGlzzlCcULyKKYutOWl4u+9MkNCUuKRoVf7aVOGYwMy5dX33E3gygToUnhq/DFbOfTcsFxOAENCqZQHZSHAXw5l6Qk6yPvNT4aXDchkltoTNYG5CNC8KVWyJaT1nXMdNa0PbRK3sR4TS9Uz+8+Hba8XhrphVAOejNiATGapPVETmIvAQ0Jr22PiJ+8f28fOdeAEP0Rb36dKOiC26gUBLXx5S3n/FHjYgExhlT1HE5ifwGNjVjZHUIWXaryW1QmQK/OE2KBr4/hRckmeM/atLRsQfzVMwARyAgdJek38wW2n7iRe8NIgco2kRLa2qL+FfFXSsWNNSrQBWfAK8cdNYOQEyH8gugjZXNK5I59vG9Mjko2tLYzxtbMB6E1CdWP6kry3jYG7PqcNSNfEPZ4JlE2Atw9ufAj9z39WtrpFa8cbyaExMTEvJ4/S9IKn5haZ7oNlbANS9PVn5UygcwLfCDe27eKoG4Yy6L/tXINxDriVpNuHGltbS9otRLfdNE7zfyXtJek/hzhtG5Ahrpp1NoH2CKRGUpTvuFl7w0z+zHRLJKP9nuHvS2O/EsqlDEpsQAa1XFbWBFolgOOXkubICcGBTll3S3sE2NbCwb5rHILtruR/am/UBs9sA9IgTJ/KBAZOgKfilFFNBjqZ6JZ2CeAnoRxKetsjbJrS8qkaQLujL3l2G5AlAfpwExgRARLgXhHnQ3IcfcMt7RPYKGawbxuH+n1MTMQ/UrTYgBS9PFbOBDolkEdg3Tc4fT/R6ejTHoxwX7azdgq5JH8ONcg2iL6RoqnYgBS9PFbOBDol8OFsP34HSURkWboj8AxJL5H0V0nrhSKNfgPpjr1HMgETyAjgz0Ao8jevsO9ONV5kM0kkvlm6I8C24WvjcNcfQs8Rv4F0d3F4JBPoisCrQzTVE+NgbEvhlJ1HfhoypblxIetLumSeg/yZxgiQD0KfEQR/yLcbO3NLJ7IBaQmsT2sCPRL4W2Xseb7nV4890DmUbnvJkPQ4jckNTR96+tEjg/BBzXNhTW4VPWETGDgBQnHTFhZTmed7voWks+K8vxV7og8cw6DUx+cB9y2j1reU9J3SZzDPhVX6HKyfCZjAFQnsKekD2Y/o8bFWqQyeeD8WjzlO0oMNtVMCeRFLDPmtOx295mA2IDXB+TATKJjAP8YQ3PQ0i6pviomBv1lB77yMO531aNNq6YbAPaLxJjP9T5L+OXsb7EaDmqPYgNQE58NMYAAEKBtOs6MkX4pG5OQZutO6dt/4c7ey7W5xby7pv2PYLqPSEpf6WFU/VncaLTCSDcgCsPxRExggARoaUQU2l1lbWmcHBy777sjj4hvLAKc7KJXZanxBxp0ouDsEQ37eUGZhAzKUlbKeJlCfwKtiVA8NopJUjcgXYwtbfu9e6PVZz3tk1U/FcW+V9Oh5T1DC52xASlgF62AC3RDAsc6NK8nxkuiB/ovYejW9qeySOdS70Wxao2AkDs4irpj980MbXPJ3fjkkFDYgQ1ot62oCyxOoGhHOyJvJh7LIn/tJ+vjyQ/kMGYFtYpJgHtiQfv2OkPX/iCHSsgEZ4qpZZxNYjsCOko4KRoK/EcJ22Xu/Ufw/TtyTlhvCR0cCDwyJmQdKItJqlhBezXbiIMUGZJDLZqVNYGkCZJ4T8fMv8UxUgF03/nvn+LulB5nwCcijebGkW6xiODAea+XnFI3QBqTo5bFyJtAqAZLVaGB0ncoodwllxQn5tSxGYONYd+zJkmgUVRXCqskux+/03cVOXeanbUDKXBdrZQJdEaDQ4otCK9VrZgPeUdJXulJg4ONcNebPEI67yQpz+WYs046fqfgS7Yushw3IIrT8WRMYHwGyn3HiUsgvyRsk0Z2QrGjLbAIkAD5e0n6hBDtvHrPklGg48DENIjFw0cW2AVmUmD9vAuMjgBH5beYDYYZfD325dw83yYvGN93aM9owGox7h7Bn/qwz40x/kfR+SRjhL9ceaSAH2oAMZKGspgm0TODi0A+dG2QulHV/eHC0f7LlsUs//b0k7SGJfh20nq0K21Jk/BMi/e6Q4/Hr0ifUlH42IE2R9HlMYNgE8mZS58ToIfb3EW6cPFVPSShoeEhs7HSrGROn3MiZsePjByWdPyU4aa42IFNcdc/ZBK5MgAzoFI316fg0/bq4rcW2DP26j5Z06YjhUdKetw3yNlJIc5oufcrZkvqCpBNC73gc45MXG5DJXwIGYAKXEcDnsX1k8bWYH0J2NHW08q0tMtRfH/NE/jBQdteQ9IBYqZhkSvJerrXCXHCEvyv+mczW1LzragMyLyl/zgTGTeCz4en67nGKONST0eBpnL7qs+4VbN2QL4KPJHUzTJRuGOpp7RCPu4Ekbto46zeI576upDNi/ac82ouIJpLwcFCnulAYKraITl1jCRjvPrE1L+fk+I1CkcJNwziMdztJbEehx2pCYUkipyhxj2/IsgIBGxBfGiZgAtU3EP7Pjf73EQ3Z6pQ34QZ9p1We1odIkq0pWsmS2HdsdIZfOMSJ9KGzDUgf1D2mCZRH4NxK2Q3qYs0K4cWxTnjvw2LfdZ7sS5eUg3G6JIIFMBjfDqXTfySJLao/lj6BUvWzASl1ZayXCXRL4JKsKx4j4xNYqf1t0mz9uC1ExBJbRUkIa+XGnBzuOOGrgiFiS4mtrapQl4tMeG78bGVdJUSBbRG3ofgs/7+tpP+pRD+xzVWNhuIcGA77L1q4nmxAWoDqU5rAwAhcPz6ZJ7W54a831uzpga1N0eragBS9PFbOBDohsHXc0kmDsXWVSrt3ooAHGSYBG5Bhrpu1NoEmCeAkz4snUjE29Udvchyfa2QEbEBGtqCejgnUIEDyXF6u5AehwOJmNc7jQyZGwAZkYgvu6ZrADALkepBlnuQCSTcxKRNYi4ANyFqE/HsTGD+B54aEv+dn0zwsRD+9cPzT9gyXJWADsixBH28CwydAPxD6WiAUCdzSvUCGv6hdzMAGpAvKHsMEyiZwUihJslNU8chQCuTQstW1dqUQsAEpZSWshwn0RyDPQt9N0kf6U8UjD4mADciQVsu6mkDzBMgEp2AgGd9kjlOaJNXAan40n3FUBGxARrWcnowJLEyAN44T41Gfiq1aFz6JD5gmARuQaa67Z20CicB7YmHEX0k6YIKdB30lLEHABmQJeD7UBAZO4Mah5/n34vYV2eeUa3f/i4Evapfq24B0SdtjmUBZBMg+JwsdOTi0tD2qLPWsTekEbEBKXyHrZwLtEcjb2G4iyY2U2mM9yjPbgIxyWT0pE5iLAG1nj4j9zen7bTGBhQjYgCyEyx82ARMwARNIBGxAfC2YgAmYgAnUImADUgubDzIBEzABE7AB8TVgAiZgAiZQi4ANSC1sPsgETMAETMAGxNeACZiACZhALQI2ILWw+SATMAETMAEbEF8DJmACJmACtQjYgNTC5oNMwARMwARsQHwNmIAJmIAJ1CJgA1ILmw8yARMwAROwAfE1YAImYAImUIuADUgtbD7IBEzABEzABsTXgAmYgAmYQC0CNiC1sPkgEzABEzABGxBfAyZgAiZgArUI2IDUwuaDTMAETMAEbEB8DZiACZiACdQiYANSC5sPMgETMAETsAHxNWACJmACJlCLgA1ILWw+yARMwARMwAbE14AJmIAJmEAtAjYgtbD5IBMwARMwARsQXwMmYAImYAK1CNiA1MLmg0zABEzABGxAfA2YgAmYgAnUImADUgubDzIBEzABE7AB8TVgAiZgAiZQi8D/AwobwFXOxfScAAAAAElFTkSuQmCC', '20240503-125326_corntable.png', '10008048', '陳建良', '2024-05-03 12:56:05', '2024-05-03 12:56:05', '陳建良', '[{\"step\":\"1\",\"cname\":\"\\u9673\\u5efa\\u826f (10008048)\",\"datetime\":\"2024-05-03 12:56:05\",\"action\":\"\\u9001\\u51fa (Submit)\",\"remark\":\"test command\"}]', NULL),
(2, '2808845a-090a-11ef-b5cb-2cfda183ef4f', '1', '13ES100016-F003-V003', 9, 80, 'ANIS20240506143722258', '測試事件x7', 'G7', '2024-05-03 12:57:00', 'office 1F', '\"{\\\"cname\\\":\\\"\\u99ac\\u5409\\u5152\\\",\\\"emp_id\\\":\\\"17005107\\\"}\"', '\"{\\\"cname\\\":\\\"\\u99ac\\u5409\\u8b19\\\",\\\"emp_id\\\":\\\"10019391\\\"}\"', '\"{\\\"cname\\\":\\\"\\u6797\\u664f\\u5be7\\\",\\\"emp_id\\\":\\\"14088431\\\"},{\\\"cname\\\":\\\"\\u9673\\u5efa\\u826f\\\",\\\"emp_id\\\":\\\"10008048\\\"}\"', '馬東食', 'null', '{\"a_day\":\"2024-04-01T08:00\",\"a_location\":\"test_local\",\"anis_day\":\"2024-04-01\",\"a_belong_dept\":\"G7\",\"esh_dept\":\"Leong\",\"vendor\":\"Peggy\",\"other_dept\":\"yoyo, penny\",\"a_description\":\"session2\",\"emp_id\":\"\",\"cname\":\"\",\"oftext\":\"\",\"cstext\":\"\",\"hired\":\"\",\"rload\":\"\",\"s4_combo_1\":[\"\",\"\",\"\"],\"s4_combo_2\":[\"\\u5176\\u4ed6\",\"\\u640d\\u593130\\u5206\\u9418\"],\"s4_combo_3\":[\"\\u5426\"],\"direct_cause\":\"\\u76f4\\u63a5\\u539f\\u56e0\",\"s5_combo_1\":[\"\\u4ee5\\u4e0a\\u7686\\u662f\"],\"indirect_cause_ub\":\"\\u4e0d\\u5b89\\u5168\\u884c\\u70ba\",\"indirect_cause_ue\":\"\\u4e0d\\u5b89\\u5168\\u74b0\\u5883\",\"s5_combo_2\":[\"\\u4f5c\\u696d\\u7a0b\\u5e8f\\u4e0d\\u5b8c\\u6574\\u6216\\u4e0d\\u9069\\u7576\",\"\\u6559\\u80b2\\u8a13\\u7df4\\u4e0d\\u8db3\"],\"basic_reasons\":\"\\u57fa\\u672c\\u539f\\u56e0\",\"preventive_measures\":\"\\u9632\\u7bc4\\u63aa\\u65bd\"}', NULL, NULL, NULL, '10008048', '陳建良', '2024-05-03 13:01:09', '2024-05-06 17:30:06', '陳建良', '[{\"step\":\"1\",\"cname\":\"\\u9673\\u5efa\\u826f (10008048)\",\"datetime\":\"2024-05-03 13:01:09\",\"action\":\"\\u9001\\u51fa (Submit)\",\"remark\":\"test command\"},{\"step\":\"1\",\"cname\":\"\\u9673\\u5efa\\u826f (10008048)\",\"datetime\":\"2024-05-06 17:19:45\",\"action\":\"\\u66ab\\u5b58 (Save)\",\"remark\":\"\"},{\"step\":\"1\",\"cname\":\"\\u9673\\u5efa\\u826f (10008048)\",\"datetime\":\"2024-05-06 17:24:16\",\"action\":\"\\u66ab\\u5b58 (Save)\",\"remark\":\"\"},{\"step\":\"1\",\"cname\":\"\\u9673\\u5efa\\u826f (10008048)\",\"datetime\":\"2024-05-06 17:30:06\",\"action\":\"\\u66ab\\u5b58 (Save)\",\"remark\":\"\"}]', '[{\"updated_at\":\"2024-05-06 17:19:45\",\"updated_cname\":\"\\u9673\\u5efa\\u826f (10008048)\",\"update_document\":{\"\\u672c\\u6b21\\u4fee\\u6539\":\"\\u5171 0 \\u8655\\u3002\"}}]');
INSERT INTO `_document` (`id`, `uuid`, `idty`, `dcc_no`, `fab_id`, `local_id`, `anis_no`, `case_title`, `a_dept`, `meeting_time`, `meeting_local`, `meeting_man_a`, `meeting_man_o`, `meeting_man_s`, `meeting_man_d`, `_focus`, `_content`, `confirm_sign`, `ruling_sign`, `a_pic`, `created_emp_id`, `created_cname`, `created_at`, `updated_at`, `updated_cname`, `logs`, `editions`) VALUES
(3, '72d51232-0909-11ef-b5cb-2cfda183ef4a', '1', '13ES100016-F002-V002', 6, 4, '', '測試事件x4', 'G4', '2024-05-03 12:51:00', 'office 1F', '\"{\\\"cname\\\":\\\"\\u99ac\\u5409\\u5152\\\",\\\"emp_id\\\":\\\"17005107\\\"}\"', '\"{\\\"cname\\\":\\\"\\u99ac\\u5409\\u8b19\\\",\\\"emp_id\\\":\\\"10019391\\\"}\"', '\"{\\\"cname\\\":\\\"\\u6797\\u664f\\u5be7\\\",\\\"emp_id\\\":\\\"14088431\\\"},{\\\"cname\\\":\\\"\\u9673\\u5efa\\u826f\\\",\\\"emp_id\\\":\\\"10008048\\\"}\"', '', 'null', '{\"emp_id\":\"17005107\",\"cname\":\"\\u99ac\\u5409\\u5152\",\"cstext\":\"\\u52a9\\u7406\\u6280\\u8853\\u54e1\",\"hired\":\"2023-04-01\",\"rload\":\"\\u4f30\\u7b97\\u7d04\\uff1a1 \\u5e74 1 \\u500b\\u6708 2 \\u5929\",\"a_day\":\"2024-04-01 08:00\",\"a_work_s\":\"2024-04-01 07:30\",\"a_work_e\":\"2024-04-01 19:30\",\"a_location\":\"test_local 1F\",\"a_description\":\"session3-4\",\"s4_combo_1\":[\"\\u516c\\u51fa\\u4e8b\\u6545\"],\"s4_combo_2\":[\"\\u662f\"],\"s4_combo_3\":[\"\\u662f\"],\"s4_combo_4\":[\"\\u6709\"],\"s4_combo_5\":[\"\\u5831\\u6848\\u4e09\\u806f\\u55ae\",\"\\u4ea4\\u901a\\u88c1\\u6c7a\\u66f8\",\"\\u5176\\u4ed6\",\"\\u8209\\u8b49\\u8cc7\\u6599...other\"],\"s5_combo_1\":[\"\\u6709\"],\"s5_combo_2\":[\"\\u7121\"],\"s5_combo_3\":[\"\\u6709\"],\"s5_combo_4\":[\"\\u7121\"],\"s5_combo_5\":[\"\\u6709\"],\"s5_combo_6\":[\"\\u7121\"],\"s5_combo_7\":[\"\\u6709\"],\"s5_combo_8\":[\"\\u7121\"],\"s5_combo_9\":[\"\\u6709\"],\"s5_combo_10\":[\"\\u7121\"],\"s6_combo_1\":[\"\\u5426\"],\"s6_combo_2\":[\"\\u5426\",\"\\u5c31\\u662f\\u5426\"],\"remark\":\"session7-4\"}', 'data:image/png;base64,iVBORw0KGgoAAAANSUhEUgAAAZAAAAD6CAYAAACPpxFEAAAAAXNSR0IArs4c6QAAIABJREFUeF7tnQe4PUV5xt9giRo1YkGNHbGQCAKiRtRIFEVFbEEsaBSwYlSswRZ7wdggGMWoESXG3kBU1Fhpomiwd0zsJRglMSqazC+ZicNyzj179uzOtvd7nvvc+/+f3Snv7Nlv5ivv9zuyGAEjYASMgBFogMDvNLjHtxgBI2AEjIARkBWIHwIjYASMgBFohIAVSCPYfJMRMAJGwAhYgfgZMAJGwAgYgUYIWIE0gs03GQEjYASMgBWInwEjYASMgBFohIAVSCPYfJMRMAJGwAhYgfgZMAJGwAgYgUYIWIE0gs03GQEjYASMgBWInwEjYASMgBFohIAVSCPYfJMRMAJGwAhYgfgZMAJGwAgYgUYIWIE0gs03GQEjYASMgBWInwEjYASMgBFohIAVSCPYfJMRMAJGwAhYgfgZMAJGwAgYgUYIWIE0gs03GQEjYASMgBWInwEjYASMgBFohIAVSCPYfJMRMAJGwAhYgfgZMAJGwAgYgUYIWIE0gs03GQEjYASMgBWInwEjYASMgBFohIAVyG9hu76kXSVdIv4cIek/GqHqm4yAETACM0BgTgpkL0n7SLq0JJTFTyTdYsUafyh+/mVJV5L0UEnfnMFz4SkaASNgBFYiMFUFcjVJe0eFcRtJF1mJRP0LpopZfQR8pREwAkZA0hhehttIukPY+R8o6XOSbiRpO0k/lfSfkn4h6cfxZHE5SXt0vLJjwKxjCNy8ETACRmAYCmTnaB7aLfogviXpOpJuJelCPS7S9yQdHfs/S9JNg8J9miTGZzECRsAIzB6BPnbTF5a0Z1QQNytwYli1yF+NSuFfJH1D0pfi6eZdq27050bACBiBOSNQSoFcNDitD5V0sKRr1gT818GPcYqkcyX9QNIX4n2nbxEdhbnrNzXaR1l8vcZ1vsQIGAEjYASWINClArl4PGkcFH9vu2AM3w2+iyMlfVLSLyX9c4yO8oIZASNgBIzAwBFoW4FcOyoLHN67S7pgZf4/C07wE8I1hMeeLOnMgePj4RkBI2AEjEBHJ5BdJN1S0vWCQiBcllyJZfKC6IRGiViMgBEwAkZg5AisewLBDEVI7Q6Sbi3pJlvM/7/D5++VdKqkt0fz1Mjh8vCNgBEwAkYgIbBKgRBGS0LelWPWNsoD38YyIYLpA5LeH5UGSsRiBIyAETACE0QgKRDCavn5d0lfizkPOwbn9r4r5kwi31slfTz4PI6PYbAThMlTMgJGwAgYgSoCKBAS47byXaR7fhWjpeCFQmEQYnuGITUCRsAIGIF5IoACSWYmmGfPjuYqcimgByHn4rSoLIiaMjvtPJ8Tz9oIGAEjcD4EcgVyLUlkZV9dEtQdFiNgBIyAETACSxFICgSlYZpyPyhGwAgYASNQGwEUCHUxLlX7Dl9oBIyAETACRiDSuZ8Uo64MiBEwAkbACBiB2ghwAoGP6qqSiLKyGAEjYASMgBGohUDygdw51OJ4R607fJERMAJGwAgYgWjCIoz3g5HTyqAYASNgBIyAEaiFQB7GeztJ76l1ly8yAkbACBiB2SOQKxCc6VQItBgBI2AEjIARWIlArkC4+OaSPrbyLl9gBIyAETACs0egqkAo9rTP7FExAEbACBgBI7ASgaoC4QYKQ71v5Z2+wAgYASNgBGaNAArkeZIeLWmbiAR5IXuYD2vWz4UnbwSMgBFYiQAK5IqxTvlOki4Q7/h2qFd+10jbvrIRX2AEjIARMALzQyAVlKI87bszBQISP4xKxE71+T0XnrERMAJGYCUCeUnbW0h6TaQ1STdSF+Q4SftJOndla77ACBgBI2AEZoNAtSb69YICeZWkG1YQIDrrqHhKmQ04nqgRMAJGwAgsR6CqQLgSZ/r+kl4r6YLZrVCevCL83zMl/YtBNQJGwAgYgXkjsEiBJESuG3wiz4jmqxylX0t6SVA0T49lb+eNoGdvBIyAEZgpAlspkAQJ0Vl/Heqi713B6N+CX+RJkv4xFqWaKYSethEwAkZgngjUUSAJmXtLepwkFEou3wmsvk+T9PJ5QuhZGwEjYATmicA6CgSELiLpYElPCWasy1Ug+4akJ0h6/Tyh7H3W4M4a/ELSVySRy3MFSftKemMgyny/pP/ofZQegBEwApNBYF0Fkia+bVQiB0m6RAWNz4X/e4GkN0k6ZzJIDXsi74yKYqtRfkHSw6MiGfZsPDojYARGgUBTBZImd21Jh0m6e6BEuVhlxuSNHB12wS8LjvjPjgKN8Q7yw5L+pObwTw0nyedKQukQWWcxAkbACDRCYFMFkjq9fDCPPFbSQxYoEq7BtPI3kaTRyqTRUq28ifyd7wUz4i8l3Tbk7Nx4xR0/iafE50v68srWfYERMAJGoIJAWwokNXvpSMRIdcMDJP3+AsShTIHtlxfev3tFOkPg/jH583dX9IDPBCWC2fHszkbjho2AEZgcAm0rkBwgXlw3lUT0FoWqdqigh4nrZyE8+BRJ/xzqkJweMuDfFXfQkwO6pwmxBs8OJ5MHLzkZ5sP6USTWNGVNt4tFfhUlE+4iac/4/J8YAx0+323Xbt0ItItAlwokHyksvzeIiuRuwf6+m6QLLZkKyuRZ0UbP7tiyOQIwLmNe5KUFXc0yYY3O2Lw7t5AhwHN+h4j/TcJp7+JboPN2Sa+LpkWDaAQGj0ApBbIICF5k/KBMqMXOlyuXn0t6a/YzeDBHMkDwvnOsPMnfSXwCaX8B2SwRZJLjvKqXj64RELGqLX9uBDpFoE8FUp0Y5haO9rAC31HStSovN3Ib3hIivghHfY8kmIItmyGAz+q+gU3gOpIOj8EOm7Xou0HgwjH68MAGcJC/c+UG9/kWI1AcgSEpkOrkYQS+h6T7LEha5Fp8J6fFuiUfDASQ2I/tlC/+CLnDBQjAyvCALZBh80MgyaMkbRfpgEj6RIiIQ6GPQdiA7Bx9OTBSMPYPjWHgHmM7CAxZgaQZ4j8hxwFFcv0tzAFwc5FxzZf3U+3A41aMwNoIEAhy+wV3EZzACfqY+JLFRJvkqTExN/0bR/uX1u653A1/H82gv1qwuUOBkEwMK8VPyw3JPfWBwBgUSBUXsuCJ6iLPAb8JocLwc1Wd8nyRPyDp75wR38ejNbs+ofmBWBT/Ui6wV5NM++IQkfjVJagQjcUpOsmfDngnj1+HjdoqIUn1HdFSAM2OS0CsQmyEn49RgSyCmVPKrWKUEWavS1UuwtTFzogv8lkjXCcPedgIwMLAs8UpORdOGfer8cIl+u0T2Y3XlPT1AU65rvKoDp2TCrWEYPUmqdgyEQSmokDy5WAnuFd0xOOMJ0s+CWHBx8edIuYEixFoA4FFPg+etXvFKMJVfeQmrB9Gv8iqe0p/TpDLyQtMyGzMPhMHw+atSrKajxMz8yNj6ezS43d/HSAwRQVShQllwoO9h6Qdsw+/Fb/cfPmx2VqMQBMEjgyF1R5WuZGM/v2C7+6fajZ4XMwV4XJ8JJxahibV0wdkqZR3yE/0vE+IIiPvaCvBRwQjhWXkCMxBgeRL9Edht/Rn8Qt/2eyDL0rCMUilRVOej/yhLjh8OMeqL0IirPBhfGSNcRD0sUu8niRaCrUNTfJTEqcO5rhMrhTzjFAwmOMWCYEx5LxYRozA3BRIWioc7nz5/zw+6BfN1pBdIyzCJDGa1mPED3fHQ79kDB3nZZmEZEyc6Cet2TfZ5/eM9zxCEqeaoQmmtbTp4vSxf40B8n7hOsKVb1S5nuAClJCVSA0gh3rJXBVIvh5QS/Clf2CM7kqfQelBKOJ7h7p4ExoX5sV9Ir080XPk+AxdnlE5KbDZ4IX4sQYDZ8PC84c8aIDVPf+wYublZIFDvK7gl+SEjyk5F5QSCcPO36qL5MCuswI574LwImPHBJPt72UfvUjSC8P/4zextIPANSLn2R8Huz9/byUocXa9+AeGcCq8TLT9J14rQlZ5oUJb0qTGCiG8hPIilIfGXDQkqeapEDq/bo4HheeIxKqeXPBBojQtI0TACmTxoqE87hrYgh8dkxfTVS+NpxJqaViaI8AOlrLI1SJkq1r8cRbuSqg2/8Z/RRb030rKk/NWtbXJ55QHJmw8Cf4OTKJN+x/6CYQaPvgPETZTmKSayDZxI8B3KxewrBtw0KRf39MRAlYgWwPLAw8/F7VNOH5fMO4wKdyEnRuqdGe91384ed6ohAg7bS4UwSLvgdMF9Bh/UL/JhVe+IYsG4uXHv7+2YZvp9mrSH2Pee8MX4JBPINX5YnJalhBZB2J4wsh5Ifk3CWY/koMtI0PACqT+gsFV9JhYWyM3b2GyIAzzbZJeXb+52V2JuecfYn5Omjzh02AGjfmylxLPKDtW6OjzXf+6AHJa+Wb84dTy6bgbXtfkRBY2Ia1JToj+m3XHk18/5BMIvhnGh7BeW5UDqIsBDnVqoOQF5/h+fb9uA75uGAhYgTRbB4geqQePryTZrlNLfxFt9ec0a3qyd3EKyO3fFBAjH4DIpTrC6Q+Cwu0rodZXC0ro6jHBjciodYXTD2MjsRTqja2ESCkippJw+sScsymBIEoUVmQEU9xD151Eh9dTnwfCRIQNFJUr2xCqYGIiTkLhOTYYlhEhYAWy+WJhx4e2m6xjnPAIyVV/FWLgX7t585No4e6S4ENKgnIl8g2usjYFBZJqbxCajdmRSpiQcOanxmV9ckohWuhvlnA3VU8fbTm8CRLAVIpwGqPw1xCE9wN5USnMvc2XPEryqGySQ81/GcI6DHYMViDtLg0RRc/JTiW8DNihzpn/B58GNN9ELiVBwWIKKZW0Cb0GJ0WifW4ZIp3qPPeQ/1F35nnRf1L1BaxKplvnyYIUFJoQBN8aBdaGIDjO8SEh/xWVcFt1eFCYeYg8vrE7DWHSHkN9BOp8keq35isTAmS7HxGYgEkyg9bioLiznCNChG4enE2cFxEO05w8sCQunFJQIjjyUQqYxFZ9D+C1ot7MrtlA29yN02zui1k1nlJ4sRkiNBlp+wVfJZBkU7EqnLvUvN1PTQSG8qDWHO6oLiNr95nRbk80F6eRQ6MTd1QT2WCwVJfM/QO8JHHKolSGIpQHwASJP6bu6YSx41B++IbRVzkGQ1QgRK6hYBHWjdIIbQl+q/xkTuIuSsUyIgSsQLpfLCJ2sKknVmAckZxOSifEcQpgJ31s91P+/x6gg8nt+ZhpMM+sG/lUasiEqJLP8ZeBnp2oIMoErBJ2zZuWCMhfppvkWawa6zqf489LlCzk2cBpxemxLblKxc/08Vjjp6323U4BBKxACoAcS5RSLyJFbJXcbVFf+1+zaZJNTyIcDuEuGVFJ9CMsk7h/hMxlwjeHXGmv+jQwB8xWUHmg9BcplDaqB+ahskMpJpUo6n8W/UCcptsUwrppO0lbIcJtjtFtrUDACqTsI4KphMp02OHbiuBZNYOtigB9N5omqJHStuAQxWyXBKZjQpzHKNWX3XNjsiNRZK9pYULkktwuttPGiWbTIcFdRbIseRr48EikbXuzgTKm0FR6B7Gx4VRiGRECViDlFyvxCrHj4oW6aQ7Bqhnw4j6kh40E3GEUD0IwWbGz/vCqwQ70cyLGUtEkhnjreIprY7jUDYHnK8kQvpOEWJMYi5DrgjmrTfNVmisFpvBBIeTjULTKMiIEhvCwjgiuVoaKGQseKH63GQq6bHA5j1G6Bj8MSVyp8E8XzwGhu/gUEEI/CeMdK4dY9RQH1Qqnt00FxQTzcCJlJJeIuup9Csl8+4aEQcgPoVwngrCNU9aiOeVJinwODqVCu/vEeDJ9d/Hi6BIcdigkh/Gboz67eHZvOIfHJDm7aZdrUM1dAKNcab0qJjx2wTKcO8p52W7Kb9Xn+ubr9YNKmeSm4+JleVr0r9DGEBLpIIWsclIRGYXPrgvhREphqSQEmoDv0IW8HapGErWHH4eIy2R+g6Iesx91TmAV6Aq7QWDU5curjQlCUkddc/Iq8trmedsU36EIz5gkz2jucg2uE9lqc2ygzcAX06VUd+zYzwmTHavkBZ/gcOK53ERIbGSnjykMwQdFtFrpyLzqHKCVyRM+ydXhZdnVuKj9kj8XBHxQEndoAovBk+MaQWG0jsDxBtU/bMObkFCu02exa7t8ea0zCaJzsLNCQ4GDmQxYKCjqCLvoPFGtzj19XoOZInH+wL+EDbxLIdaeMNEkJaJdqmYz1pNEvLEKu8mUHU40Fvk8TQXzEGUBUiVDotJwoPfNVlAtGoUpidNHl1FzVVp8vvt5ZFZTjNu6j1Mip8+cs2uTtjn9c+oaWr2XxnPqQ4GgGIgpv3Gklmhq2uBoCA02fDqbxuE3BnDNG2GThbgv7fJQJGQ0dylVJzrMwZzquhL8KuQNJOm6v67mkbdLjgIEmgiBAUTSrStQd7ATTcSE3I9ShWm4y5d03XHmlPLcUyIvA0LN3eMAMUPDK9cWVUrdeS+67qox8IST+nZbNEQQAGUIcuJUTOsQfG4lVGCknDbZ/aOWUgoEWzxflIc1RAvqbai42Ql+Mn7xxmArzacLk+srM2I6PoNwkdKoXUpuTsKJzQuwS9r5qt+FcFBOIHzZxiq5sxcGZtZxlZD/wmkDhYHC3iW7gZckmwdOMkPAhbFV69qUKPKU11nHdIUJqy9hvfhuPLZixkvj4VSNqZHkSt49KNhFAusEuUF8x9gspyizRdfyToO8kyCFvk+gjXDvUoFAoseXhIeTrN51hN0I5h00NI69NiJe1um/zWvZeeIopL56jje5BBxlSwQAYBqA1BHfSwlT0ldqmCAhKmQsRPqQE5NH30Ddjslox7gDJASY5wnnJBjCDksgBTtWvvjYqHkpk6xIO2w4sOeTCIiDk//nmgvFpEpeAtj2+T92mPTHD6Gk/xlzIDCl8DftPTG2xXMBnQcboeq6kTMBvxYvD8Kz6bsqjJFnmnVHKQ1F+K5VqwTepwBrARimRFOi9vDZlRaeI0zgkGYuYmwmnJn1OrPBwHje9oq+Lp43yFYXCQEn9EPy5vsGcgqrNd2uFAhgsSDrsIpyjOfL9ea4GyLJaCyCSY6jOC88fuMkxTS3aEfFjhOHHBEaUxVMNYQKT13IjeAFtOp7hBOaXSYVLNuqjNgmttVwWtrGjJMzGLTZX2qLE3EqKlWSnSH1z3eVDUF+OuQzcn7YrFCOoU3eNjZKD15hFsPCwvcHU/fgZdWD32QCecjjsvvZdbLbI6IFSme0L6aOMQinKWyjUFzg+E/O0Dpjh9qDDG3CN6csYDTmU+Mma8OzzcuQUxAYYB/H5DUEU9WieXGKY2x5Eh87Yk55XZ+OifJKBIrsvqHbLyGcDvFBsJHjhIpwOiT5FcqhLpU8Jy6sEpzwCKDB5LVIqE1DgTOUeCnLwdrYt61AtlIe2ASPKZB5vTYIC27Ayc0OmpA9dpksMqcLHGRNqt7xEsFMwAPa5CjcxpxKt/GkaFPG9LSp8CXC8Ygpio3HIiGQAptyLjzfVRqSOmMhLyaFXJJQBykkJi6UAz4l/Bo4ShP9OGNCafBDlM2Y/HPVKovgA4555F4dzJpck+cKlUiqZYwEeeBLxWqQhH+zKexScSzCh80n4dsU18L0uZWQ78YPJq7BJOS2qUAIAySuO3/wYBbFD8KxbKhCMhCOX8wM2CixnVNBL9lm1xk3O05McRQj4mXDMZSXHieOIUSXrDOXLq4FX3iWOL2hpDF18puKgQjY46wEK/wU4EZEV9XB28XYlrVJtOCp8UMUGaadKQnPazW3AWcxAQBdS2kFQrg0JnJOXQg+LoIi+L8+Teb4StiUkF/EyWgrXxDfERz4+3S9OHXab1OBVMNFeSmn9omwINeD3SA/vETY2XGU5OicnFfYHX8ed5vs2vk7Hf1ZbByeaVeJnwH7KT/cT7QDR26+EOxG+VKwM8x/eEj4NwuEosM521RwALNzIXqCFx2UFF0f+ZuO1fc1RyDP24E8EafoVATFjamtKkQGEiHYteQKBCXNhqIrOTwojMfFxtncEZyD8iAMd2jC6RZzHiZyTGxEMVaF0wh+1K659LbEpk0FUsf3MbSFWjQeTiLEp8OQyskJJZYLimNMJooxYD7kMRKBlajMcbhCvT4VIfIK02pVSoTw0iffLTaTCIosr/jYJsbU40lM0Hx3CfDh5Vv9brfZZ5ttYTZlIwPJZVX2r5BxttnvyrbaVCB0RqQJNu9BHK9Wzv7/LiDiAjNJMpfgsOIkZDECIECcPrxHSNMkwqEiSdgxiZ65cErnVN/1y7Wae9KV2Yykz0R1hIn5pmPNuYg5KuSpYH3JBdNwL4E5bSuQNCnMQ8kXQjw9L2S4rJrSNVM7gLHSRmJ4pa+dosKqfkE5oqIYcLwuEvwbmJvIYifawWIEliGALwZTAoKNmsjBqQiRQFWmXRzJdWmENsGharHA5N023T/+BAJ3ELioCBiYgvUg59JjbqVqC51vvbtSIJs8WL7XCAwJAUKvE51FidyIknPnREVkYC4l+Nnor0qd0va7iCgrTNH4Rj8W2QCmZFkgGiv54/ATk3PW9anRCqTkt9N9jR4BHJjQbSBjp6RftBgviAwF+WeEs3ZJdZP6en6FpLDNUr4oo5NjVCX5ZUTSERk5JakyXsOOgEWlqLSt9YsO3p0ZgY4RwF7O7hUhqGJMvr060FC8ivo6uRC+20WJ4+p4blspk4sya4u9gIz/x8dwcPxXZJRPUTA3bh8n1gtpqRXIFB8rz6ktBIjcIYIHIRKLzOUpSV6LPc2rzZPAVljhI80JBNuqU0NiHomf+EE55Rw2pQWrzIXKpjk1fKm1+/9hWIFM+Ony1DZGAJodaCcQdrLJIbtxwwNpgHwPGANyIbu+VHmEFOGGmZBIqTbK+aYaI+SNke/VRbXNgSzf/wYq5Uq4uDPdCmQoj4LHMUQE8op5fFmrVClDHPM6Y0I5oiRzKf1OgMGCMPo26DnwWaEwoB6CHoS8nalLnoz5+hhpVmzOpR+WYhNzR0agBQRSvYopOtCBh5wtqDHSe+ALWY32FuAr3gTZ8+zCYRemhAI0QlMW1o28HdIcEOZdZRbudP5WIJ3C68ZHjABEd8n80UYd9KFCQaY94bzwfD0k4/0a6niXjYtwXUxvkJ2WomIZAkYwZyQFUpxqxwpkCI+AxzBEBKgiCJ02MkUH+hAx32RM1Kp/uCSKmRE9l8KvN2lzDPfC7QcZI3JspIkvNm4rkGJQu6ORIYBzOZUbJuYexlbLMBHAWQ6XFgwTUw7bXYQ+pLOJjPZ1QYEeUHKJrEBKou2+xoQADklo/RFeUJRctQwTgZTVDjMt5Rlyx/IwR9zeqEiUhOIJ6YpPbOlorUDaW0i3NC0EPhcdyoSDUoJgTi+lMa0kiZCE/1K7HnLIXunNewAOk13iLivuq7MC6WHF3eXgEYD0EyJOflO8ByoMy/AQoEok2djwQB0diBIPGd4QOx8RfF/UdkfeGUtmd95p6sAKpBjU7mhECFBelJBW5BWSHjCisc9pqJgYMTVCeMlLdMpJg8vWFc6vVIgLyhYYiIuJFUgxqN3RiBBIdBgMuReSuhFh1edQPxF23btFRuG2eLT6nE+TvpOplXspkkUCZTGxAikGtTsaEQI5x1BvxXpGhFcfQ6XM62djIiQcUPw9R4HKnRwYhNou9y0JghVISbTd11gQSBFYJGlRnQ9HumVYCCQqegpFUYJ3rgIXVirex8bn6SWBsAIpibb7GgsC5BRcP/pB4GqyDA8B6nuQdU6d8LlFXuWrAX3JzvE/MF9hxiomViDFoHZHI0GAZDQ4lIjAgn031UMfyfBnMcxHSeIEAmX7ZbYoXT0HMAj2IOgDsQKZw4p7joNGgJMHJxCkVHW+QQMysMHBUcauG8VBCOuNBja+0sPJnehQ4h9ZcgA+gZRE232NAQHYXGF1RTBfpXDeMYx96mPkdEi9j5tL+nz8jRN5zvKpjIEXMsyXlQTDCqQk2u5rDAhAnAhDLTTZFwsFl3CkW4aBAPU97h+zzsn7+OIwhtXrKM6UtFMcARU0X1JyNFYgJdF2X2NA4C2S7irpDEk3GMOAZzJGnOVvi3MlsZMET8v/mfFSJnpxXKxA/AgagfMicGqkLuFlhSIZquADuFMMM4a6/A3x1DTU8W4yLioNnhbyHLaPvFf3iQ70Tdqcyr0fiaY85nOQJMoEFxMrkGJQu6ORIAApH6arwyUd1vOYybLeS9JVgm37CsE8cbn44uTva2V1IBjms6Pprechd9L9i0LJ20MlfTWE7O4ZqGW+3Ukv42z0FEkkuyIkEZJMWEysQIpB7Y5GgMBVs7rnB0t6VYExQxVPJjVK4XohdPga8TdFgtb5fmL7xgY+NcG+D6ElYdXUZcHEaPktAvB/EZmGPDkWPyuGzzoPaLFBuSMj0BMCtw3mq3fHviGow5zVVDjFkK9Akhe7xF1Dktd20cxE5jDKYlPhxfrNOE6y57+zaYMDvB9TIv4PyrXeXhIV+Cy/RQA+sOSrswnLT4YR6BEBSqJSGhW51JIEtUtLurWkiwS/w47RvMTumJNEG0ohnz52/x/FWt/8/nn0BUCtgvKYutws0JR8NEbCYbo6aeoTbjC/E8Izcbt4336lT2g+gTRYMd8yWQSIoX9QcEZCk0F2L19ImHk5PSS+obYnD5cRpwgUAgqCsEzMEnNQEKuwRGHsEek5MM+5qNf5EXtf9JPxyb1ikMEqXFv73AqkNSjd0MgRYLdLZTuKE/0sUGVcooX5UC0Ohy/Fqchu3yZkCnOCOS7+mzoWlsUI3CbUuXhvxI4TH+GqlvMjkJ9A8BG9uSRIViAl0XZfQ0KAkwXlUPdvMKhfRAUAZ9bZ8QTxyVjYiObIDkZpWJohQMY5dCWcAovXuGg25N7usgmrN+jd8dQR2CU6YKH7JgT2nBiii++irhA6iokJfwT0GV+PTmubU+oiuP51iQ0AmhLMh5gULYsRyE1YPoH4KTECGyKwQ4x+uqYkzCBN5O0xMY/oKZSHpRwC5LdAEIjrXw/NAAAS9ElEQVSCJq+B6DLLcgROjEEdXMGJmoTSYmITVjGo3VGHCJA78crIzPp7a/TDDhdHLdm8V4yKB4rwi4ckwv9aox1f2h4CKTEO/wdMAC7mtTW27wlh4nvHS/4shI2/tb2lWN2SFchqjHzFMBHATk4C3oOjmWqrUaIUPhNzMAjPfWfc2RJDn4REvEOimYpyqZbyCFBNj2Q4lAa0+pgPLVsjkJ9AHMbrp8UI1EAgcSKtqgXxr5Eb6HWSvrSi3fRFHDoHVg14RnlJirpi8PsGgsDjRzmL8oNO5J/0fAdJ7yo5BJ9ASqLtvtpAAN8GGeIQ7C0SHK5wJ3045lRw+qgj+DqgMnlWSFx7Up0bfE2rCBBCjQ2fUwf0JTYh1oM3VyB3jCHi9e5s4SorkBZAdBPFEIAeBH9FlWb9y6H40xujH+SsBqPBHEZoLlLcDNBgvFO75aIxX2bbcFK8px3nay1vUrzchC+Ek3QxsQIpBrU7agGBxIuUmmKXelQgHaSKICG6TQUnPOG5CMqJWiCWcgg8MAQxHB1zZ1AiDpGuj/3Lg/KlDghy0xB5eHL9Wze/0gpkcwzdQhkEnhK6eWrWFS8ZzE2Un930hUMpUBLWEDiu0mmkzMzcC1n6BC7ARfZSw7EWArkCIfAAKpxiYgVSDGp3tAECkBVSp+MCsQ1e8ORq3LulkrOpDvoPwgvs8huM07eujwD1zTFLsr7UoHfS4HoYHinpYfEWCD0x5xYTK5BiULujDRAg2opM8CREVHFc//EGbea3/lMMCabmNuYUSzkEklnyWElUGrSshwCn8CfEW65WWgFbgay3WL66HwTYYbHTSnK/UHjpmJaGwukGqnSSB4vXlG5pDmNthog6CCdhId4nVBv80Fgn0uO4yZshfwahsFTRmjBWID2uvLuujQDmKup/I5iv4LWCMbcNyU830Gg4ea0NVOu1kZI38YFQvndTX1a9Xqd1VV7DBhaGopn7ViDTepimOhsSAqFZR3nw0nl0ixMl+5w2MYehmPwSaxHcLZrixIfPCTmwNIdTmSkW6eX+4eSB6ZXnljLIdfOeWhmcFUgrMLqRjhH4SUgO/P3Yx4tDuOcjW+yPuue8wN6fkdK12LybWoLAoTHhkxMfrMk40S3rI5ACQH4TFQi/i4kVSDGo3dEGCBClQ7QOgp0cDqy2hKz2G0v663D8f1xbjbqdlQhQ7wNafajbkw1/5U2+4HwIpBwaTtDL2Bk6g80KpDNo3XCLCEAt8ozYHmYszFk4vjcVnn8KP1F98KDIm7Vpm75/NQLUjofcEuFv6NstzRBICoS7i7/Pi3fYDCPfNXMEiG//YoYBWcuw8G4qlJdNocC3lPTBTRv0/bUQICGUxFCqOO5e6w5ftAwBKxA/G0agBgLJkc6lhH5eu8Y9qy65SUb9UDyGftXgJvz5F2K5Wk6W5DFYmiOQlLFPIM0x9J0zQCA3YzFd/CCb5g0cHMxhr4h5CIRAOgKr+weJ3I8UKu2w6c3x9glkcwzdwkwQgCiOUwPyplD8af8N543j/DGRPwgeIUv3CBDxRuQbbALX7b67yfeQn0Da2FStBZh9IGvB5Yt7RqBKqEgI4wtDKdqfNhwXxXduHxy5bw6O3Ls1bMO3rYdAoi55TkbBsV4LvjpHgOCSVL/GCsTPhhFYgQCO7j2za+AB4mXURCCew4xCGCnKydItAheMVBskbKK4391td7NoPfmTmOzNQi7TSSVn7RNISbTdVxsIwNj6DzH5jPbOlrSzpG+t2Ti8Qeme4qVA1xzrVC5PtDG/jImhrjq4+cqShU42OsIpmtN0MbECKQa1O2oRAV74mELY0SKcStjRrvNCSpnQ3H8FSd9vcXxuajEC6WVHRB3lgy2bI8AJPEWywdAAU0MxsQIpBrU7ahkBjup7ZG2+V9Kd11AisL8eH++nnVNaHp+bOz8CyWTo8N32ng4SYF8Zm8Mf2CZP3MpRWoGshMgXDBSB7SVBhwEpXxKUyh1DZbt/qzlmythSzvYwSYfXvMeXNUPghuGU+PF4a/HSq82GPIq7OHkTDIK8RtJ9S47aCqQk2u6rbQTI4binpItlDX9XErb2Oj6REyOB4nFR8bQ9Prf3WwRSHg/cYykU2/hsjgCO84/GZt4QGBvusXmT9VuwAqmPla8cHgKUuKWe+XMDGSKJgElg7+WLtYpjKYVAUkaVTHRLdwig0PE1HVCAup1dOZuKS4Va99tJ2jY67WH8/V7s/6zuplq05ZxNgbo5dynZuxVISbTdVxcIbBNqIFCVjYSqXHCo33VFqOgTIxssFfHyU0wX45xzm7Adc/JgTXZqsWgX9S/2imzKt4hrSETeRWqCfU4oo/u1kEzKb9af+/jBLAorAT+YQ3k+Ph/52AhBJgiA69jA7BCjAK8YFRX3EGVGUAYbGXKUaJ+/Ie2EBBSFRh9wsV0y/uZdTH0UyD25h79p/ypxbDeIc6L8MtxwsDDcO57mSLBFiuczWYHUfNJ82aAR4DnmBYIzEd9IknPDl+95Ubn8qjIDXgDsQi8vCV8IFBuWbhCA/BLKjR9GvDeljOEU81eSri7pwt0MeRStwsRAZc6UT0OGP/Q8xcQKpBjU7qgAAtQMIRrropW+cLZztP9G9v/s3l4bCxn9RXgZvbrA+ObYBS94dtMUBGsaffX6WO8bGn+UxtzktHgKyhNowYBTyMsDsejrIiDFE2KtQOb2KE5/vpgSHhDK3z5+hSmDnRsmBV5ucDKRkGhpH4G7B3xRANTqxi/1qTW7eGegfd93zXu2upzTJj4vNhmYjzAvLauGyDNyRtYY5lJMSpin6uQcYfri5Z8E09U6zxnh5ZinctJQAkfyUwbK416xg0cEc9iRLWK1sikrkJUQ+YKRIkAkFk7y29QY/64hh+TTNa7zJesjgHnltoE5oKmD98OS/mRBt7zELxOj7TBFcl3alWOezF/w0H1MKVGUcgb4XhAUYjLbkgf1jvWXqPkdViDNsfOd40CAhEHs5SiURYI9nl3lt8cxnVGNkhwbnNRUkYRuAwqaJoJtH/ZldvSbUvg36X9o9yzzIWHiSoq0yJitQIrA7E56RoDnnNKp7FhzgU6Dk8eZPY9vqt0THYddHt8T4aZTOgX0uWafkJSissh7wmyLEOH22ZIDswIpibb7MgLzQoDCUZhXjgjhqfA0WdpBIK8B8rHoW6JlwnuhiykmViDFoHZHRmBWCFDr/PToi/jzaIKaFQCFJvvGrJYNOSrkmRQTK5BiULsjIzArBF4m6UHRyU2U27JIp1mB0sFkjwmOdBT0r2NyYp3osNaGYQXSGpRuyAgYgYgAuR8kDRIm+5Zgl9/PyHSGQCooRbgvJJVFxQqkKNzuzAjMAgFKq0K5gdMcFl6oPyztI0ByJooaSpeXhpymQ9rvYusWrUBKI+7+jMD0ESDDn0x/EvEuG7mhpj/r8jMkPyaF7d4vlCbAnFVUrECKwu3OjMDkESCJD+ZdmHBhSqYKoaUbBB4eI9xo/fp9hKNbgXSzsG7VCMwVgVRiFac5GeiEmVq6QeCoYMJ6aF8OdKZkBdLNwrpVIzBHBOCKIvMcwkOyz+Gb2pR5d4441p0zjnMSNCEL3aXuTW1eZwXSJppuywjMGwHqrxB1hTwqMPC+aN5wdD57aocQ6QZZJZU5i4sVSHHI3aERmCwC1DxPtc/3jkWUJjvZnif2RxltCVn+L+5jPFYgfaDuPo3A9BDIa3M/LUyvWiFyejPud0YU6KJQF0LFR5R3cbECKQ65OzQCk0Qg1e2g7gcRQfBgWbpDAHr8O8USuJTG/U13XS1v2QqkD9TdpxGYFgI4zWHcxWF+Yoy+mtYMhzUb6rfDeUWQwhtCrfZ79DU8K5C+kHe/RmA6CDw7VoBkRnaed7+utwv1bU6I3fSSQJimaAXS/WK7ByMwZQTYBXP6uHwsFctpxKG73a44ZWyJuqIa4W7RjNVtj0tatwLpBXZ3agQmgwBMsFBo/FISDLzU5bZ0hwAKG/4rfj9e0vO662p1y1YgqzHyFUbACCxH4NQYBcRL7VaSPmOwOkUAE+EL4imPGugEL/QmViC9Qe+OjcDoEcjJ/GDfRYFYukUgRV+dE4kqyfjvTaxAeoPeHRuB0SNABvTd4ywOkIRt3tIdAttK+l6kb3+ipOd011W9lq1A6uHkq4yAETgvAjjLyfW4QKzDTe5H0Wp4M1wQwnX/MQYtQFRZtP75IrytQGb4FHrKRqAFBF4RCkUdHNu5j6RjW2jTTWyNABhz0vuupD8YAlhWIENYBY/BCIwLge0j6y6jJvP8Mj59dL6AnPQIVMCM9WpJB3beY40OrEBqgORLjIAROA8C747Z5uR7QOR3hPHpHIE/lnTK0E58ViCdr7s7MAKTQgDiPkJ3kV9J2s6su0XWF6f5M2NPYM5ppHexAul9CTwAIzAqBD4dyRLPjTxM1D63dI/A6ZJ2lwT+u3bfXb0erEDq4eSrjIARkFLWOVhQzIgCUuR/WLpF4CqRJoZeSCJ8TLfd1W/dCqQ+Vr7SCMwZgd+NYbtXjiC8WdLd5gxIwbkT5faa2B91V04q2PeWXVmBDGUlPA4jMGwEHi3p+XGIOM/JSXjjsIc8mdF9UNKekcL9CpJ+PZSZWYEMZSU8DiMwXAQuLOmsUAHvitkQCeWFhdfSLQLXCMy7X4rZ56/Kcm+67bVm61YgNYHyZUZgxgjcRdJb4/xh3X2HpP1njEfJqcO2+9jYIRUIeyVPrE7cCqTko+C+jMA4EXhbiP6B+RXBef6QSKkxztmMa9Qvl/SAWLKWJMKfDmn4ViBDWg2PxQgMD4FLhBofZ0fOqzQ6m6/KrdNpofrgjSJN/s7luq3XkxVIPZx8lRGYKwL3jdQZaf5nxjyQueJRct6XlPSDwLpLBBxRWKzFoMQKZFDL4cEYgcEhQO1tanAneVr446mDG+U0B7RPSB48Pk4NMxYEloMSK5BBLYcHYwQGhQAho18LZVMvlo0K2nZOIZbuEXhJOIEcErsZpNnQCqT7h8A9GIGxIpDKp6bxnxgI/fYe62RGOG6UN4rj+6HePMp8cGIFMrgl8YCMwGAQIP/g2tlo7i/plYMZ3bQHAmEiigMhYTNVfhzUrK1ABrUcHowRGAwCOy0wVcHJ9K3BjHDaA9lL0vviFJ8i6elDnK4VyBBXxWMyAv0jwI6XmudJHH1Vdk0+IunmsctBOtAZmxVI2YfCvRmBsSAATftrs8H+naQHjmXwExjnRyVBnIhwGvnAEOdkBTLEVfGYjED/CPylpOdmw9hN0qf6H9ZsRgBhZZLBvqcHO7DZPCaeqBEYJgJHSnpYHNp3JF1pmMOc5KgI3SWEF/mcpOsNdZZWIENdGY/LCPSLwHGS7hCH8GpJB/Y7nFn1frKkm8QZE0r9oqHO3gpkqCvjcRmBfhH4iqQd4hAoHEUBKUv3CLwwEFY+Mutm0O/oQQ+u+7VyD0bACCxAgMzzc2KQDcWLLj00FtgJrxp+pl3i/Ajjvc2Q52oFMuTV8diMQD8I7CrpjNj1JyTdsJ9hzLLXH0eFzeQHzztmBTLLZ9STNgJbIoDJKpWrpR7Fg4xXEQQIkz466wkTInQmgxUrkMEujQdmBHpD4BGSXhx7P0zS4b2NZD4d50qbWb9pDFUfrUDm84B6pkagLgLPkvSEePH9JB1T90Zf1wiBPGQ6NUAZ4bc3aq3gTVYgBcF2V0ZgJAgQNnpoHOsdJRHSa2kXAQIVqHH+HElXqzTN6QNz1k/a7bL91qxA2sfULRqBsSNwqqQbx0kMlkZjxCBTX/4ISVddMIdRmK7SuK1ARvwUeuhGoCMETg+V8HaPbe8o6Ysd9TP1Zq8l6bKBlPK6sZ7HvhHXCy2ZOKHT1KAfjViBjGapPFAjUAwBihfhOIfAj1rclsUIkB+zn6R7xo+/nF22LvHkt2PYLqSVoxErkNEslQdqBIzAwBA4IGTrH7vhmDAXPjkw775/w3Z6ud0KpBfY3akRMAITQIAItb9vMI9zJZ0QzFtHZUWjGjTT/y1WIP2vgUdgBIzAOBG4uqTHr6iTAhXMBSRx0jgrEFSS2U9Y9I/GOeXzjtoKZAqr6DkYASPQNwI3CP6i7UN01bZxIPhDKP/71b4H1mX/ViBdouu2jYARMAITRsAKZMKL66kZASNgBLpEwAqkS3TdthEwAkZgwghYgUx4cT01I2AEjECXCFiBdImu2zYCRsAITBgBK5AJL66nZgSMgBHoEgErkC7RddtGwAgYgQkjYAUy4cX11IyAETACXSJgBdIlum7bCBgBIzBhBKxAJry4npoRMAJGoEsErEC6RNdtGwEjYAQmjIAVyIQX11MzAkbACHSJgBVIl+i6bSNgBIzAhBGwApnw4npqRsAIGIEuEbAC6RJdt20EjIARmDACViATXlxPzQgYASPQJQJWIF2i67aNgBEwAhNGwApkwovrqRkBI2AEukTACqRLdN22ETACRmDCCFiBTHhxPTUjYASMQJcI/A/byJFkt3jodwAAAABJRU5ErkJggg==', 'data:image/png;base64,iVBORw0KGgoAAAANSUhEUgAAAZAAAAD6CAYAAACPpxFEAAAAAXNSR0IArs4c6QAAIABJREFUeF7tnQe0NUWZrt9RQFQGA2IYBsUwiJJ0JDhmBSMgGHAEETAroGIAHRUd0asiJhRzTqM4IIJZMY8BFQG5DCCKiIoYRsUMOnrrgap1i2afc/bu3aG6+/3W+tf//+fs7vrqqd79ddeX/k4WEzABEzABE6hB4O9qHONDTMAETMAETEA2IL4ITMAETMAEahGwAamFzQeZgAmYgAnYgPgaMAETMAETqEXABqQWNh9kAiZgAiZgA+JrwARMwARMoBYBG5Ba2HyQCZiACZiADYivARMwARMwgVoEbEBqYfNBJmACJmACYzcgW0u6p6S/l7SOpD9I2krSFpL+Epf/z5IulXRJ/Nmf4v/5+2/xzwWSfizpp/H/HMq/Oe9v49/87PO+pEzABExgKgRKNyDc6PeKN3Ru/pvFPxdHY3DzaBiuFv/eOP6+hPXDwCBnSvqRpJ9I+o2k7SW9UtIXS1DSOpiACZhAXQJ9GZB/CE/rd5O0d7iZXkvSneIEfi4JIzAFuZmk709hop6jCZjAOAk0YUBuIekISZtIujC+Gfwsbgfx1sA2ENtHO0q6taQNsy2fcVKdb1a3knT2fB/1p0zABEygPALLGJCHSTpE0rYtTes8SfgeEPwTJ0djdPX4sz9m4/LWgnGqIzeWxNtAE/LraBx5k8I4fC9uX+XnxgdzYhjzXU0M6HOYgAmYQF8EFjEgu0aHNG8Q95N0/YrSOKNPkYTzeSNJOLCT8BaCnB6dz6fFz30jGKHfx9/hK+DGW7LcMb5NXTPOg/laTMAETGCSBOY1IA+W9J8zCP0qGJLXSTpG0hkrEOSJGycyT+cWEzABEzCBkRCY14A8TdLL4pzxcxBB9EFJH8veIEaCxNMwARMwAROYh8C8BuSdkvaNUUNN+Qvm0c+fMQETMAETKJTAPAZkPUm/iM7hD0j610LnYrVMwARMwAQ6JDCPAdk8JPOdE3Uiemj3DvXzUCZgAiZgAoUSmMeAUK6DrOoUPktpkJMKnY/VMgETMAET6IjAPAYEVfaT9Hbpsh7q1I3aUtJ3O9LRw5iACZiACRRIYF4DQrIdkVc3iXP4paTbSTq/wDlZJRMwARMwgQ4IzGtAUOVJsQjgVaJe5HU8T9KrO9DTQ5iACZiACRRGYBEDgi+E0hzVYodsbT2ysHlZHRMwARMwgZYJLGJAUGW7UAzxFZLuXNHruGBYXivpcy3r69ObgAmYgAkUQmBRA4La1MI6Kvg/9p8xB/JFKHnylFgAsZBpWg0TMAETMIGmCdQxIOiAH+TZoWT7cySRaFgV/COvim8rdOyzmIAJmIAJjIxAXQOSMOwk6emS7h1DfKt4KLmOo/3IkXHzdEzABExg8gSWNSAJ4KaS9gjtW/eUdHtJ61bIkoj4mNDO9aOS/jp56gZgAiZgAiMg0JQByVGQM/LvsfjiVSuMcLY/2qXdR3DleAomYAKTJ9CGAUlQ6XP+8lDyfYcK5YtCaZQnSPrQ5OkbgAmYgAkMmECbBgQsONvZ2sLZfpuKn4SckrdKevGA+Vl1EzABE5gsgbYNSAK7fqyndeiM/uNvCuXiDwpRXbTEtZiACZiACQyEQFcGJOG4WuwncnTsL5J+To902ubyVmIxARMwARMYAIGuDUhCQlHGl0p6SMboL6Fk/BFh2+vwWPF3APisogmYgAlMl0BfBgTijP1QSa8JfzbKloC3EAwJNbYwKhYTMAETMIECCfRpQBKO68WsdiKz2OJKQlmUwyS9oUBuVskETMAEJk+gBAOSFmFnSW+c4WT/gqRHBCf89ye8WltI2juUzr9uqEN2nbD9d43oQ+LfdIqkUvIlkn4Vu0d+VdJPJB0ffzZhdJ66CZhAWwRKMiDMkTeQXWL5k22ySf8plkMhr+TitmAUeN67xeCCA5fQ7cLI8y1LnMOHmoAJmMCVCJRmQJKCZLA/XtIBkm6dac0T9r/FN5WxLuexkm4Q+s6TiNmU0EHy+mFL8H+bOqHPYwImYAKlGpC0MtTUwoi8TNI62XJdEG6Ir5NEDglGZSxyoqTdWpjMz4PRvZENSAtkfUoTmDCB0g1IWhpufsfMaGT1G0lvi8bk3BGsI/6euzQ8D3xHZPu/ueHz+nQmYAITJzAUA8Iyoev2Idnw4bGZ1QaVtftw3Nqi4u+QBYNIU65vSuLNAfmX0O3xrpLI6Ce0+eQZmfv0XTllyBO37iZgAsMiMCQDkpMlGmmfcIPFubx5BfkZkt4nCadxugEPa1WsrQmYgAkMgMBQDUhCS7HG+8dijbebwft0SRiUj4ekxbMlfdvJiQO4Kq2iCZjAIAgM3YDkkLeV9ERJD4j5EistAMaE7S4qAV86iFWykiZgAiZQIIExGZCEd8NYQp43k10r2e35EuAzoO4WuSV/K3BtrJIJmIAJFE1gjAakCpw3E9rs3iJsZe0Y3j7Y6iKTO8kPo1P+s0WvlJUzARMwgcIITMGAVJFjPJ4qid4klABJgn+EkinfKmyNrI4JmIAJFElgigYkLQRvJmxf3aPSKXHKTIq8SK2UCZhAmQSmfrMku/2BMckO3wlCLsV2PSwX+R/PlfSjHsb2kCZgAiawMIGpG5AEjCKOFGxM8vzwj39fmGb9A76YZdlPYU32iyVqbipp4wo2ytRQVYCKwkeG7UaqDVhMwAQKJDCFm9W82DEYz8s+3CWbM7OikXeX9Pk5lV4v+m2IOLtmzFbnUG7C7w5+nj/EjHUadtEFks//NRirz0i6lqSts/pYP4t1xTiGXiwYVKLT7hcz4CnwiM/o2jFBk8Zf5OEgf4zn5W8y5TkHfxMmTaInAQy84d1mznnlH6OaMH6plGXP+Sio+YMa5/IhJmACDRLo8ibZoNqtnIqbXF5Pa8vQcve/WxnpyielD8pj448XMSAUmXxaRzqWNoyv3dJWxPpMjoC/hJcvOWVRuBHnT8hdsqlrQGgHfNDkrtrLJ9zl+vSFmH4wqVTPryV9emTVp/vi6nEbIjCFL+FqqPiCsm3F37nwZaXbX1fyuUyHRfwvm8RkyIeEkvfV4pKzdGf7Km07VX/PlhSl8cmLocvhVvH/bGPxf/xE1CDjHFw3v4tdIvk/odEkZp4fT0pwArrdPPY2YeusSaHiwNFNnrCwc3E9viTmLeWq0c+FrUnCzS0m0DuBqRkQkggpbU4ILw2WVhL6cuze4ergf0jO5MfFPieLDI9vYi9Jh0R/wyLH9vHZV0r6WnCkM+9ZgtHCL/SgYNAeFasw55+jvhlr+ec+lG9xTOb0Hkm0MF5NFnnIaFFdn3rqBKZiQLjBPjs4e5+xxoLjsP1UeMLmC5qepru4RvJSKjjQ8YPUlRsH3w1vJP8YbsJ7BmP0D3VP1PBxGA0qJNfxK1Hf7P0xCCCpxbYfXSvHIHTdfFbwwT1sgclwnXCdzhtwscCp/VETmI/A2A0IT3I8lROldL1VkBB19Nrw+y5Dd5M6lFfhaTwJYatESDUl9FAhWXLv0HwL40IU1VrCTR49vj7nnjs3QBpX7VA5MdtcRF99Mtz8X7TWoGv8/uJ4rvQx8mU2XfKcJRy+0jZq0o3os1mVpvk9DzlsZ9mIlLCSE9RhjAaELxvJgRgP/p4llC3hBkmoKV0APxQKMJ7W0/q/QtJTsrF5G8HXgB+mbcF3gYFJ1wFRaD9ue9Aa539wbLKVH0po70o31hpD9HbIB+KbYlWB/5H0hGze35H0TzO0fId9Ir2t3eQHHpMBIdcB/wZ75is5iknYY6vgywWtPE+gONFzGdO6LIt63diB8bbZifB97BKjkpY9f5/HV3OP0IVulG+PPWyqus36PJ+hsdrr+pyIx54mgSHfqIgKYm/8ZtFnQNtXkulmCe1hyWrmy1la6XYbkJW/e0SCvbriE2L92I7DJzJ0qV6LXJ/4r1YTtgt5ayFPKRc71od+NQxQ/6EYECKm9pDEUyhbU+y15yXZZ6Fnm+p4SURUlVxhd9ZT5SLJhAO87NZUmRInL4j9XKr+ILZ2iFgr7UFgzUlVPlBdd9ovrxYZmB9OgMQ5M74DGKB3hVpuH1lUGX/eBOoQ6MKA8EW5a+xTzpPTanv76MNTJ4bi4ZK2WeBLxfwvCjkLR8SxfloHSA/H2ID8f+g8FOwfAxpmLcV3QxDAq1b5fQ/LV2tIogJ5sMnzjxZ9g+BYItFSomGuCG8xGBOLCbRKoC0DwnYSpTnuULnA2XIiYY26ShgJnIKEmfJWsX5MPpt3wiRV0fOcJ7ezYk4BDulL5j1BIZ+zAbl8IbgOCPO97wrrwnqT9Imfi+TFIQtz/Fg2gWVCt1dywn8jGuM6YdNDZmvdOyTQtAEh85hMWQxIk0K0FMaCCq1Eo5wa//y+yUF6OtcsA9L0utSZWpfl5XnzIFx1pQQ6IubwhcAKQzJUISDgTZJuGEK375NNYtk3BvJ9MCSzpE5i6lD5Wu+OCTR9o3qDJC7YupLCSHmLODmEMbINhbEgxJZKr2OVfD+fG8wyDJtglJeXpx0wa9GmvE/SQ2cMABfG3rdS6LJNXdo8N/kw95oxQBPfQ5zrT86KcubDsJ1FlJbzRdpc3Qmeu4kLN8dGtvHBFY6U9GaLiXwLsrwxBIRhkjw3tlIUdS8hKgGzrYEPh7esvptKEXSQwma56eVPy3XnuNJxO0k6acYv2eo8IF4zTY/Z1/l4GKqWtF9m+2rWPCgKin9k18ovnbne16qPeNymDQgF9Og1TjQJsezkN9hIDPMCItqJhEaEJ1iCE1JPjqZmxPVCtFwaJ52XPB2SQFeqldXU+F2f5/CwBXdYZdB5Qnfr6DlrW6utsero52NGQKBpAzICJJ5CJDDLN9N0/an/OyOfgTdVCllSumRsQiOsakkXmnvt3NJEZxkRfIl1Gnu1pKJPO2QCNiBDXr32dZ8V4fNZSWw7LSvVBl6cjxDvO9YsuLisPl0cTwTZMysDLRq+u6ie+EY+Kmmz7MC2x1xUR39+oARsQAa6cB2pTY4BCWtVodQ6N6Flcg2qbzgETlCN9riO5tbHMNzIaRGcC0mTbVd+xifywUqPm6knq/ax/qMb0wZkdEva+IQoNLlSbxQMyMtrRmnlTbRQmhyeMbfnpT4bb1gkESbBEJM424VQ/uW92UBNO++7mIPHKIyADUhhC1KgOmx9UKp9NSHc+vWxuCFRZPOUGaE+WV5Nd9lciALRXUElmmMdW1ES40xybVdSfeuj2gMNrCwmUIuADUgtbJM8aKWM5yoMjAdZ1tSyWil/ZIoFJHn65y0gl6b8SYtckIRHU4AU8VvIIuT82SsRsAHxRbEIgbWaH1XPRaUAjAjVCSjyl0qQUOaGiK4kJSRPLsKhzmffHPJ7Hl05kLypp9Y52RLHUA4mb5xGOSFqjFlMYGECNiALI/MBMVENY4LTmz4sdB286hpkzotvJhgTSpfkPVDI+7jTyMlSPHG3yhyfFPi9puN5053zhGxMSsSQwW4xgYUJ2IAsjMwHzCBAIUSersmm3zYkHV59DUpEXNHPJckPY7vdMcOt+nyYKz09ui52WA2f7toPM+Y1ntzcbEAmt+StT5gbFFnkFNSk7tNafVtQiK2u/SThE/hV6xr2MwBGkj4eufT1/cuDHM6WdKt+kHjUoRPo6wIeOjfrPx8B3jL+Ob6ZUJSRarubrnEooa44nDEkFwRDRC0u/h6y8D2jpE++zfeDSnJfl/OrhlD7PtAl/RGN5QtnRIs5kKnQdph2tNVif6upTxjx70IZdKo9572/ya14RHzb4eZMTgrlUUoTkgXxAeWCkdynJ0WrBmS7Fuqc9TQ1D9slARuQLml7rESAMN+8cRRRWDQZIy+kus0zi9ofVtgaKzUs9ejQ+OzAykS6KJO/0hVXNSDOSvd3sxYBG5Ba2HzQkgTOqGRgbx/eSHAyIzytUw8LXwo/5+a2llM+qfOl4Ee5y5K6NX043zEqG18nO/Ei/c+b1ofzUTrlJtmJfR9og/IEzukLZwKLXOAUyVyn5H8Sst3xCawkGJIdQ+jvXUNNp21m9AGnS+UnQktkci1K28Kqhs3SXZOqvC/rcV3YEkzFFTEmGG2LCSxMwAZkYWQ+YEkC+C2qbWmJ1Fqk4+SNYzb1n2K3Sv4uVar5HzjTiXoiI7wvwXilumP4jZ7elyINjstbK+Vwfhl6ErHF+XVJdNacp6xOg2pM61Q2INNa7xJmSz/wn2SK8ES+3ki/6Pg5vhIqF+ffM2qF3aGAhcjfQApQZ2EVeBMlq55M+q1XOJoHlVkJrhfGyL7jQ3kZ3l4/POOhZmGFpniADcgUV73fObMNlffm5mmRyKwxCjkWt6xMjNIllDCx1COA4SO/6ChJ69c7xZWOSoaG65KGZv8RDUtDpx/vaWxAxru2pc6MTPXTMuVwMF+vVGWX0OvOcQslP4X9DUsAlUSHRd46yOBvW9x0aw7CNiBzQPJHGiVAO9VTszPS95wQ3q5lXUn3jD065i1Bv4iOs9rX7hVzYBY5jz97OYFZ7Xl5eyXDn7wiAjPOirCuFSLfnhjzg+aphLASY8750Mobs9cjI2AD4suhawLVN5CuM7Jp4HSApPtk0UePk0QuSpNC73OMSC7+vtUjTFtemm/lQkIpDc3y7dB5zr5BzDfiQea6MR+JJl9USZglfmtchaov6HkuOX+mSQKE434tOyHRSOR8LCPcFIjAIV+EPXK2xYj2onw8W0mcH2fqzVcY5Akxy30ZHarHVpMlXXOqHl1Kz+M3Sp0cuaFTfWBRwzHP6FSY5uGCt51cSk1QnWdOrX7GBqRVvIM6OTfcfSXtHCvlkuxGtApd9Lj5Idz8KbtOQyL6pXMM2wgXx5s2znB+n7YTOAf1sIiywuHJDZ5aWCQHJiEKiy8on904hvMSivmjeAwJbxgISsaTjIfDk/NgDDh2nZqUOZbije8IYbXHZL1Kap7uSofBBJ2THNJz7kdT8+ryPNUOiozdhW/iWZL+T2WiXYzbJdtGxrIBaQTjoE9CS1WS+nBO3miFmZC7gM9g6HJOaCF7eoyy+XQ0fm3MiTyVPDGSNyEY82ZkmY9AtQMm7NgWfMV8hy/9qarPhQeatQqBLj3o0E5gAzK0FWtGX3p3vLAn53UzM7j8LGxn8IdkMRzhvFVQdJGyKCmB7JSQNPfbJged41xssbwt+xz79/heLPMRqL559PX0zxqylknI3+E6s0QCNiDTuxTwEeB3YPupSfl29kRPG1vKshNdlZyTbFHRPInmU4/JBv5NiMrafYYibFthDHKh9SpPgqULDvl8jrzdHV660oXo9/bwULB/pgu+LZzlfQg9bUgETYIe6GOxAZnkNYCPAQc2PoyqcLOmOx0+D/bvEXwNlLnA6BBui5Egi/zccIP8cexxgbHgyX9eIYY/r1eFUekirn9e/Zr4XDWBED/O0HuaNMFlrXO8NXB6ZPahvt48cj3zUijfihFca81jMr/3G8hklvoyR/ZxlT4c3PjpiZ0ycHkbaFt2CKGTGJ0kZP4S/TImoa5XypLG/7FWv/gxzb3uXCjjj98ovRn30e53lu5uvrXKitqA1L3ch3dc9emOjn8PC5FVH+94KtVSJtQhomLtWISos7y4I292KQR1LHNsYx4nZNdBCW8eaY68EfHdSdLnllob3Jc6pw3IUvgGczA+BrankuCfIFP3PT3MoKoLdYcwZGORjST9IpsMhpqENcvKBMj2fl/8NU/8RAambdS+uVX9ICUZt77ZXKFKaO/KWIHWCJDvkHIveDomsoTyD33I44Nz/fXZwJQWJ0diLILfiKivtG1FSXHeuiyzCbB1RdQcARf4GyjLXlqkU+4HIUCCygWWSplpAxknAQoV4gBPb5v0gegqln4WUSrRHpz9gi0CIm/GJGROU8aEaDcym3G+WmYTSBn75BodFgI3jigQFIEe9HBBCO19VIE69qKSt7B6wd7poA+MzvM0aN4+tlNF4mD4XKhDlYTsdpr/WKZH4CBJr4nTpjw7DzfVZmMlUMmDIsYY9FGbsQ1IbXSDOfAloTzIM6K2bK2kciB9TYBIr+RUZmuAaqkldxTsi9PYx712DOfeRNI3JO1TcA8OvjfkJSGUOHnO2Bdn3vnZgMxLarif+0zoS3GPqD6+kJ16nAo3izwRkJwSEgst0yNwaNyuIqADJ/onC0ZAzlO6Ttlie2bBunaqmg1Ip7h7GYwvKP0REAoH5qUZulaoWqKC0M09ulbC4/VOgAKY5HxwU8ZwEHXFNlGpQttbWucirw1Rdmy9WexEH/01cLsY4ZImiv/hfj3OupqURWRYG2W5e5yih56DAH4PbsLkyLB1xYNEyUIJndQK4C2VMjUl6926bn4DaR1xrwNUn/gfXHGod61cHg7J2L7+ul6B/sfDYLw7qkGFXd5CLu1frVU1IMiD4BOEpEKKkVr8BR79NfDG0NPjsdksKSlOUcM+hEQx9rqT0FHuwD4U8Zi9Edgu9Jv5r9gjBsc0EYIn9abN/ANTUJGEQuS98a1p/qNH/Ek/AY54ceP2FdtYyJdjs6c+ZkwdLhpP5TWhyEg/sQ9lPGYvBMjGpxgngRRsXT1I0qd60WTxQb+UfXfYfnvS4qcY5xE2IONc1zSrfMuoz7acVP8lqS4JPTp4GrVMh8BHQrjuLnG7ioTBlw5o6qdJ2jbqe2R4GCKCzOItrNFfA5SISG8gfZZgoNZVXnerjR7ko1/MAU+QumtUfaYyMU5oytlU/WElT49tXyo6IHaiZyvlN5CSL9vldWPbiNpMCBFQKR9k+TMvdga2qnbLDqEsROqzvtiZ/OmhEaAXCm+cFJmkDwxRgD8c2CTooUPFBOT46LsZ2BTaUdcGpB2uJZyVHhsYjSTnZaGIXeqHsaCWUBIaK3FTsUyDAL3nd45NxyiUOMSyNbtGfx33S6or3yjUOrtkGsu3+ixtQMZ7FdxXEoXqkrCPe9sepksbUMKHEb587H1TXsUyfgJp64r6VvgNKKQ5pK2rtEIk4rKNtW78wZ1jNNn4V3CNGdqAjPcSqOaA9OFEJ/LmovjF4ybC0yfbaK59Nd7rLs1sq1iWnRpSbGHRNOzCAU87r8hLHkjeZGrA01pOdRuQ5fiVfHQJBoSIFXqqIySLsZVBSKRl3AQoVULILtuXPEAQsksuxZDlrNBDZ4s4gcdEZ/qQ59OI7jYgjWAs8iR9GxCq/uIsvWakQ2Ml/DJD3MIocoELViolsPLW+YIQ7UkXvyEL1aPpMkk+E3J7SScPeUJN6W4D0hTJ8s5DBjpf5CRc8Fz4XQlNovbPBqOxUt6JsCs9PE63BOjrkRLtqAR970J7fCxChTeoY+MB+PHonkgDrMmLDch4LwE6/eX7tDgBKWXSheRRK4zHjYQw3pIrrnbBZexj3DPLLqdUCVtYlEIfutAD5FlxEv8hibwmixMJR30N0DaWqJck7EUTfti28JZD35GUf0LBPH5GRVPLeAnwcILfg6dzHhT2DAUIPzqS6ZL7kdoO9N0SuiikfgMpajkaVabqA+kijJcwYYwH3eYQ/B2U7aZwomW8BK4Sy/IT3vqXuFU5pnpRNEGjhhfirdjsOrYBGe+XumpAcGTys7aEL9bLsjcPxmE//KmxhEVb4/q8/RPgqZy1R2hPy3blT/tXqxENnlf53hCGnifoNjLIUE9iAzLUlVtbbxzYOLKT8MXeYe3DFv4EkVVvk3TTypHvjH0TeCK1jJfALcP2Dm+368cp4gcZQon2eVaEcvPHxQ+yLUcSbJsPYfPoVNRnbECKWo5GlcHfQRmJLStnpS7VtyQRq0+YJe1Ebx3/z0cp0cCWBHW0Uivc/BQXS6LF55mVKKv0GZz1h8S+CTYejS5pcSfjOiFAgocI5OVZ3k9xyi6oEFtWJL7S8IrvCf1sKAL5+wXPM+qP24CMenkve1riFbwr4cmT7QycqZbxE8DnQX4Pgp+Ays8/G8m06dV+rzgXikASFOACoJXFtQEZydW+yjS6SNz7Qih3fXQWKz9+qp4hBDAeGBFkTNFJtBtIgR+/Dm/ce4dqvB/3kl+ZgA3I+K8KWnHyNHWNSkfA6szp1cCWxGqCMUrXDLW18HO8Y/wIPcMZBPKcD5LrNo/Z2kOHdff4fUmFE916eZUVtQEZ+uW+mP4YkTvFPetNY8tbisRR7O6Xi53Kn544AXwfRCThEyBTm4eUoQtbcIShbxhD0DEevFm5dPsKK2sDMvRL3vqbQPcEyPchEAPB70WTqKGX9tgrvEWRZZ6EysG3iWXcuyc8kBFtQAayUFbTBAoi8OHw9kq5mt/FSLwU6lqQigup8u5QKWGf7AiMIxV3k5Fc6GRT+rANyJRW23M1geUJEBZOVBJyTtwSpVLtEIUQ3Y9UGq0R+v7wESVCtrouNiCt4vXJTWB0BAia2C82BcM/MMQyNeQ3kTn/qCwohJwlasc9J/auGd3CtTEhG5A2qPqcJjBOAlQbIOiCrHNyfUhCPW9gU6UvOwmPO2Z6U6WBUjzfHNhcelfXBqT3JbACJjAYAqm/PeHc/PtfB6P55a0MSKwlmzzd9whdPywU/3xVrLwwoOmUoaoNSBnrYC1MYAgEzg/11W4SFSVfglygIchDYoXg60Zl2a46IRqTofpviuBuA1LEMlgJExgEASrspqZktCqmXlrJsnEIL362pCdnShJZ9WhJp5as+FB0swEZykpZTxPolwDdBfF/IBTS3KpfddYcnRIrH5B0w+yt40WhaOgLR5Czsubku/qADUhXpD2OCQybAL6Cw+MU8Bk8pdDp0IP9CEnbZvph8NCXEF1LgwRsQBqE6VOZwIgJ0PODmzK9zslE/15Bc71OiAx7Sayeu1mmF2VW3hUd5bRWtjRMwAakYaA+nQmMkAC9ZSjtgZwbCyeWMk38HMdIwqmfhCgxanMdGup0nVGKomPUwwZkjKvqOZnA6gSuKuk+oZIyT+v4MghtRXhi502D0h5vCi2JebLfRdLOId9j3/iZV1ec0n2yvmsMwaVmFYLhILOcJMERQWZXAAAQI0lEQVQvxf/3qd/ox7YBGf0Se4ImcAUCTw896p8bkun+fkkuRGRRC4sOlHTsu3os507HSv5/Qezih0FqQx4r6chYOZfzk9hIuC7lVSwdEbAB6Qi0hzGBAgjkHQS7VOdTcZuJard/WnJg5kCXzZ2ytw62q6hf5ZyOJeEuergNyKLE/HkTGC6BZ0p6cQHqEw78mhBi+4YFdGGbCt3ZektCn45/k8S2Gm89lo4J2IB0DNzDmUCPBKiiSzXdJL+JvgLKkvwg/nD72P+bvA98JSTc0dUy3Su+GhsskUhIZjeNyPCdJNkiy71Ya6psgVF/6m3R7zLr80R+UYJkj+yX+Do+EcY9JOakrDWOf98SARuQlsD6tCZQGIG7SfpcphNlSO4fw3JXU/XgWKWWz7xU0jPmnBfd/XDCY3woXEgkF28Rq7VNRqc3x/7jRFfxxvHAynhfl0RC4EdD5VxKklh6JGAD0iN8D20CHRLAaY6jOeVJEPr60DnGp+Mg/oaz49sLBQiXke0k7SBpG0n3DW8fN17hZIyTjA3/xs9BguAXlhncxzZLwAakWZ4+mwmUTICtIBzQSXgjOH0VhdnCYpuJvw+Kob1Nzg8DcYdY1Xe3rFBjdQx8Jrz5EKJrKYiADUhBi2FVTKBlArx9fD8bg+zso2OS4OYhUgq/x7WDoUid+vgohgMhN4RQXfwmFCS8XgyhpdbURmG76WohPJg3BRL3/hi3ruiTflEMGb401KFaJ2yH0cxpw3hO/n2zaKDmmTr6PksSLXV/Ms8B/ky7BGxA2uXrs5tAaQRwPlMvqkT5btyiOiWWiqfvOsmCJDJioJJQBZhOiCQMko9i6YmADUhP4D2sCfREYK/onE59PXpS47JhCb0lCuuL0cGPk39Wngj+kkfG6DDejpLwhkMEF9tyNiQ9rKQNSA/QPaQJFECAqKjHxeio9eINeIMsGe+fJO0db+gUJGTLiHpYN1hgy4nPf0fSuvGYqnHAeOBjmVcIHd4n/rl93BLjWMKI3xOivo4K/pSz5j2ZP7c8ARuQ5Rn6DCYwRgKEypKkx03/GgXWlcLAvS/4QwgXzuUzMVrLpds7uCptQDqA7CFMYIAEUsQWtaVIDixVMCCUMWGLK6/v9V/RwLw1Jj6Wqv+g9bIBGfTyWXkTaI3A2yXtHxzY3IipP1W6YDyoKkzjKLbnkpBhz1zeIunHpU9iaPrZgAxtxayvCXRD4LOxx8aHQq7IA7oZspFRCDXeL+aWkH2fC8UcXx+NYiODTf0kNiBTvwI8fxOYTeD8mNhHuOyBA4RE8uOdJFGKhYz3PAyY7HoMyQcHOK+iVLYBKWo5rIwJFEGAqCwq3SLPjrWnilCsphIUfXyapEfFKLJ0GiLEXhkz7Jct0VJTtWEfZgMy7PWz9ibQBgHyLlKJE0J5iXYag/BWwvYWvp07ZrW2qFL8xphtT0Msy5wEbEDmBOWPmcCECFA6/fg437vEku9jmj41uDAgvJHsGcOUmR+lUjAurrk152rbgMwJyh8zgQkROCw8nR8e50vm95jrTlGPi226J2V+kq9IOi5GblH7y7ICARsQXxomYAJVAmxZUeqdmlNkf09BKArJdt0LsjeS70l6cuw9MgUGC8/RBmRhZD7ABEZPgBIjJOhRWRd/yJSENxI6HT49eyOhgjFVi+lJcuaUYKw1VxuQtQj59yYwPQJs25CYd2Joabv79KZ/2YwpPX+/+AZy96ylLwmJlJT/+US5XGHaNiC+CkzABHICtKGlzzlCcULyKKYutOWl4u+9MkNCUuKRoVf7aVOGYwMy5dX33E3gygToUnhq/DFbOfTcsFxOAENCqZQHZSHAXw5l6Qk6yPvNT4aXDchkltoTNYG5CNC8KVWyJaT1nXMdNa0PbRK3sR4TS9Uz+8+Hba8XhrphVAOejNiATGapPVETmIvAQ0Jr22PiJ+8f28fOdeAEP0Rb36dKOiC26gUBLXx5S3n/FHjYgExhlT1HE5ifwGNjVjZHUIWXaryW1QmQK/OE2KBr4/hRckmeM/atLRsQfzVMwARyAgdJek38wW2n7iRe8NIgco2kRLa2qL+FfFXSsWNNSrQBWfAK8cdNYOQEyH8gugjZXNK5I59vG9Mjko2tLYzxtbMB6E1CdWP6kry3jYG7PqcNSNfEPZ4JlE2Atw9ufAj9z39WtrpFa8cbyaExMTEvJ4/S9IKn5haZ7oNlbANS9PVn5UygcwLfCDe27eKoG4Yy6L/tXINxDriVpNuHGltbS9otRLfdNE7zfyXtJek/hzhtG5Ahrpp1NoH2CKRGUpTvuFl7w0z+zHRLJKP9nuHvS2O/EsqlDEpsQAa1XFbWBFolgOOXkubICcGBTll3S3sE2NbCwb5rHILtruR/am/UBs9sA9IgTJ/KBAZOgKfilFFNBjqZ6JZ2CeAnoRxKetsjbJrS8qkaQLujL3l2G5AlAfpwExgRARLgXhHnQ3IcfcMt7RPYKGawbxuH+n1MTMQ/UrTYgBS9PFbOBDolkEdg3Tc4fT/R6ejTHoxwX7azdgq5JH8ONcg2iL6RoqnYgBS9PFbOBDol8OFsP34HSURkWboj8AxJL5H0V0nrhSKNfgPpjr1HMgETyAjgz0Ao8jevsO9ONV5kM0kkvlm6I8C24WvjcNcfQs8Rv4F0d3F4JBPoisCrQzTVE+NgbEvhlJ1HfhoypblxIetLumSeg/yZxgiQD0KfEQR/yLcbO3NLJ7IBaQmsT2sCPRL4W2Xseb7nV4890DmUbnvJkPQ4jckNTR96+tEjg/BBzXNhTW4VPWETGDgBQnHTFhZTmed7voWks+K8vxV7og8cw6DUx+cB9y2j1reU9J3SZzDPhVX6HKyfCZjAFQnsKekD2Y/o8bFWqQyeeD8WjzlO0oMNtVMCeRFLDPmtOx295mA2IDXB+TATKJjAP8YQ3PQ0i6pviomBv1lB77yMO531aNNq6YbAPaLxJjP9T5L+OXsb7EaDmqPYgNQE58NMYAAEKBtOs6MkX4pG5OQZutO6dt/4c7ey7W5xby7pv2PYLqPSEpf6WFU/VncaLTCSDcgCsPxRExggARoaUQU2l1lbWmcHBy777sjj4hvLAKc7KJXZanxBxp0ouDsEQ37eUGZhAzKUlbKeJlCfwKtiVA8NopJUjcgXYwtbfu9e6PVZz3tk1U/FcW+V9Oh5T1DC52xASlgF62AC3RDAsc6NK8nxkuiB/ovYejW9qeySOdS70Wxao2AkDs4irpj980MbXPJ3fjkkFDYgQ1ot62oCyxOoGhHOyJvJh7LIn/tJ+vjyQ/kMGYFtYpJgHtiQfv2OkPX/iCHSsgEZ4qpZZxNYjsCOko4KRoK/EcJ22Xu/Ufw/TtyTlhvCR0cCDwyJmQdKItJqlhBezXbiIMUGZJDLZqVNYGkCZJ4T8fMv8UxUgF03/nvn+LulB5nwCcijebGkW6xiODAea+XnFI3QBqTo5bFyJtAqAZLVaGB0ncoodwllxQn5tSxGYONYd+zJkmgUVRXCqskux+/03cVOXeanbUDKXBdrZQJdEaDQ4otCK9VrZgPeUdJXulJg4ONcNebPEI67yQpz+WYs046fqfgS7Yushw3IIrT8WRMYHwGyn3HiUsgvyRsk0Z2QrGjLbAIkAD5e0n6hBDtvHrPklGg48DENIjFw0cW2AVmUmD9vAuMjgBH5beYDYYZfD325dw83yYvGN93aM9owGox7h7Bn/qwz40x/kfR+SRjhL9ceaSAH2oAMZKGspgm0TODi0A+dG2QulHV/eHC0f7LlsUs//b0k7SGJfh20nq0K21Jk/BMi/e6Q4/Hr0ifUlH42IE2R9HlMYNgE8mZS58ToIfb3EW6cPFVPSShoeEhs7HSrGROn3MiZsePjByWdPyU4aa42IFNcdc/ZBK5MgAzoFI316fg0/bq4rcW2DP26j5Z06YjhUdKetw3yNlJIc5oufcrZkvqCpBNC73gc45MXG5DJXwIGYAKXEcDnsX1k8bWYH0J2NHW08q0tMtRfH/NE/jBQdteQ9IBYqZhkSvJerrXCXHCEvyv+mczW1LzragMyLyl/zgTGTeCz4en67nGKONST0eBpnL7qs+4VbN2QL4KPJHUzTJRuGOpp7RCPu4Ekbto46zeI576upDNi/ac82ouIJpLwcFCnulAYKraITl1jCRjvPrE1L+fk+I1CkcJNwziMdztJbEehx2pCYUkipyhxj2/IsgIBGxBfGiZgAtU3EP7Pjf73EQ3Z6pQ34QZ9p1We1odIkq0pWsmS2HdsdIZfOMSJ9KGzDUgf1D2mCZRH4NxK2Q3qYs0K4cWxTnjvw2LfdZ7sS5eUg3G6JIIFMBjfDqXTfySJLao/lj6BUvWzASl1ZayXCXRL4JKsKx4j4xNYqf1t0mz9uC1ExBJbRUkIa+XGnBzuOOGrgiFiS4mtrapQl4tMeG78bGVdJUSBbRG3ofgs/7+tpP+pRD+xzVWNhuIcGA77L1q4nmxAWoDqU5rAwAhcPz6ZJ7W54a831uzpga1N0eragBS9PFbOBDohsHXc0kmDsXWVSrt3ooAHGSYBG5Bhrpu1NoEmCeAkz4snUjE29Udvchyfa2QEbEBGtqCejgnUIEDyXF6u5AehwOJmNc7jQyZGwAZkYgvu6ZrADALkepBlnuQCSTcxKRNYi4ANyFqE/HsTGD+B54aEv+dn0zwsRD+9cPzT9gyXJWADsixBH28CwydAPxD6WiAUCdzSvUCGv6hdzMAGpAvKHsMEyiZwUihJslNU8chQCuTQstW1dqUQsAEpZSWshwn0RyDPQt9N0kf6U8UjD4mADciQVsu6mkDzBMgEp2AgGd9kjlOaJNXAan40n3FUBGxARrWcnowJLEyAN44T41Gfiq1aFz6JD5gmARuQaa67Z20CicB7YmHEX0k6YIKdB30lLEHABmQJeD7UBAZO4Mah5/n34vYV2eeUa3f/i4Evapfq24B0SdtjmUBZBMg+JwsdOTi0tD2qLPWsTekEbEBKXyHrZwLtEcjb2G4iyY2U2mM9yjPbgIxyWT0pE5iLAG1nj4j9zen7bTGBhQjYgCyEyx82ARMwARNIBGxAfC2YgAmYgAnUImADUgubDzIBEzABE7AB8TVgAiZgAiZQi4ANSC1sPsgETMAETMAGxNeACZiACZhALQI2ILWw+SATMAETMAEbEF8DJmACJmACtQjYgNTC5oNMwARMwARsQHwNmIAJmIAJ1CJgA1ILmw8yARMwAROwAfE1YAImYAImUIuADUgtbD7IBEzABEzABsTXgAmYgAmYQC0CNiC1sPkgEzABEzABGxBfAyZgAiZgArUI2IDUwuaDTMAETMAEbEB8DZiACZiACdQiYANSC5sPMgETMAETsAHxNWACJmACJlCLgA1ILWw+yARMwARMwAbE14AJmIAJmEAtAjYgtbD5IBMwARMwARsQXwMmYAImYAK1CNiA1MLmg0zABEzABGxAfA2YgAmYgAnUImADUgubDzIBEzABE7AB8TVgAiZgAiZQi8D/AwobwFXOxfScAAAAAElFTkSuQmCC', '20240503-125326_corntable.png', '10008048', '陳建良', '2024-05-03 12:56:05', '2024-05-03 13:05:01', '陳建良', '[{\"step\":\"1\",\"cname\":\"\\u9673\\u5efa\\u826f (10008048)\",\"datetime\":\"2024-05-03 12:56:05\",\"action\":\"\\u9001\\u51fa (Submit)\",\"remark\":\"test command\"},{\"step\":\"1\",\"cname\":\"\\u9673\\u5efa\\u826f (10008048)\",\"datetime\":\"2024-05-03 13:05:01\",\"action\":\"\\u9001\\u51fa (Submit)\",\"remark\":\"test1\"}]', '[{\"updated_at\":\"2024-05-03 13:05:01\",\"updated_cname\":\"\\u9673\\u5efa\\u826f (10008048)\",\"update_document\":{\"_content\":{\"a_location\":\"test_local => test_local 1F\",\"a_description\":\"session3 => session3-4\",\"s4_combo_1\":\"[\\\"\\u5176\\u4ed6\\\",\\\"\\u7528\\u9910\\u9014\\u4e2d\\\"] => [\\\"\\u516c\\u51fa\\u4e8b\\u6545\\\"]\",\"s4_combo_5\":\"[\\\"\\u4ea4\\u901a\\u88c1\\u6c7a\\u66f8\\\",\\\"\\u5176\\u4ed6\\\",\\\"\\u8209\\u8b49\\u8cc7\\u6599...other\\\"] => [\\\"\\u5831\\u6848\\u4e09\\u806f\\u55ae\\\",\\\"\\u4ea4\\u901a\\u88c1\\u6c7a\\u66f8\\\",\\\"\\u5176\\u4ed6\\\",\\\"\\u8209\\u8b49\\u8cc7\\u6599...other\\\"]\",\"s5_combo_2\":\"[\\\"\\u6709\\\"] => [\\\"\\u7121\\\"]\",\"s5_combo_4\":\"[\\\"\\u6709\\\"] => [\\\"\\u7121\\\"]\",\"s5_combo_6\":\"[\\\"\\u6709\\\"] => [\\\"\\u7121\\\"]\",\"s5_combo_8\":\"[\\\"\\u6709\\\"] => [\\\"\\u7121\\\"]\",\"s5_combo_10\":\"[\\\"\\u6709\\\"] => [\\\"\\u7121\\\"]\",\"remark\":\"session7 => session7-4\"},\"fab_id\":\"9 => 6\",\"local_id\":\"7 => 4\",\"case_title\":\"\\u6e2c\\u8a66\\u4e8b\\u4ef6x7 => \\u6e2c\\u8a66\\u4e8b\\u4ef6x4\",\"a_dept\":\"G7 => G4\"}}]'),
(4, '2808845a-090a-11ef-b5cb-2cfda183ef4a', '1', '13ES100016-F003-V003', 6, 4, '', '測試事件x4', 'G4', '2024-05-03 12:57:00', 'office 1F', '\"{\\\"cname\\\":\\\"\\u99ac\\u5409\\u5152\\\",\\\"emp_id\\\":\\\"17005107\\\"}\"', '\"{\\\"cname\\\":\\\"\\u99ac\\u5409\\u8b19\\\",\\\"emp_id\\\":\\\"10019391\\\"}\"', '\"{\\\"cname\\\":\\\"\\u6797\\u664f\\u5be7\\\",\\\"emp_id\\\":\\\"14088431\\\"},{\\\"cname\\\":\\\"\\u9673\\u5efa\\u826f\\\",\\\"emp_id\\\":\\\"10008048\\\"}\"', '', 'null', '{\"a_day\":\"2024-04-01 08:00\",\"a_location\":\"test_local\",\"anis_day\":\"2024-04-01\",\"a_belong_dept\":\"G4\",\"esh_dept\":\"Leong.Chen\",\"vendor\":\"Peggy.Fang\",\"other_dept\":\"yoyo, penny\",\"a_description\":\"session2-4\",\"emp_id\":\"\\u975e\\u54e1\\u5de5\",\"cname\":\"\\u9ea5\\u53ef\",\"oftext\":\"\\u865b\\u64ec\\u7d44\\u7e54\",\"cstext\":\"NPC\",\"hired\":\"\",\"rload\":\"\",\"s4_combo_1\":[\"1\",\"\\u809a\\u5b50\"],\"s4_combo_2\":[\"\\u66ab\\u6642\\u5168\\u5931\\u80fd\"],\"s4_combo_3\":[\"\\u5426\"],\"direct_cause\":\"\\u76f4\\u63a5\\u539f\\u56e04\",\"s5_combo_1\":[\"\\u4ee5\\u4e0a\\u7686\\u662f\"],\"indirect_cause_ub\":\"\\u4e0d\\u5b89\\u5168\\u884c\\u70ba4\",\"indirect_cause_ue\":\"\\u4e0d\\u5b89\\u5168\\u74b0\\u58834\",\"s5_combo_2\":[\"\\u4f5c\\u696d\\u7a0b\\u5e8f\\u4e0d\\u5b8c\\u6574\\u6216\\u4e0d\\u9069\\u7576\",\"\\u5de5\\u4f5c\\u7d00\\u5f8b\\u4e0d\\u826f\",\"\\u4eba\\u54e1\\u4f5c\\u696d\\u4e0d\\u614e\",\"\\u6559\\u80b2\\u8a13\\u7df4\\u4e0d\\u8db3\"],\"basic_reasons\":\"\\u57fa\\u672c\\u539f\\u56e04\",\"preventive_measures\":\"\\u9632\\u7bc4\\u63aa\\u65bd4\"}', NULL, NULL, NULL, '10008048', '陳建良', '2024-05-03 13:01:09', '2024-05-03 13:12:33', '陳建良', '[{\"step\":\"1\",\"cname\":\"\\u9673\\u5efa\\u826f (10008048)\",\"datetime\":\"2024-05-03 13:01:09\",\"action\":\"\\u9001\\u51fa (Submit)\",\"remark\":\"test command\"},{\"step\":\"1\",\"cname\":\"\\u9673\\u5efa\\u826f (10008048)\",\"datetime\":\"2024-05-03 13:12:33\",\"action\":\"\\u9001\\u51fa (Submit)\",\"remark\":\"\"}]', '[{\"updated_at\":\"2024-05-03 13:12:33\",\"updated_cname\":\"\\u9673\\u5efa\\u826f (10008048)\",\"update_document\":{\"_content\":{\"a_belong_dept\":\"G7 => G4\",\"esh_dept\":\"Leong => Leong.Chen\",\"vendor\":\"Peggy => Peggy.Fang\",\"a_description\":\"session2 => session2-4\",\"emp_id\":\" => \\u975e\\u54e1\\u5de5\",\"cname\":\" => \\u9ea5\\u53ef\",\"oftext\":\" => \\u865b\\u64ec\\u7d44\\u7e54\",\"cstext\":\" => NPC\",\"s4_combo_1\":\"[\\\"\\\",\\\"\\\",\\\"\\\"] => [\\\"1\\\",\\\"\\u809a\\u5b50\\\"]\",\"s4_combo_2\":\"[\\\"\\u5176\\u4ed6\\\",\\\"\\u640d\\u593130\\u5206\\u9418\\\"] => [\\\"\\u66ab\\u6642\\u5168\\u5931\\u80fd\\\"]\",\"direct_cause\":\"\\u76f4\\u63a5\\u539f\\u56e0 => \\u76f4\\u63a5\\u539f\\u56e04\",\"indirect_cause_ub\":\"\\u4e0d\\u5b89\\u5168\\u884c\\u70ba => \\u4e0d\\u5b89\\u5168\\u884c\\u70ba4\",\"indirect_cause_ue\":\"\\u4e0d\\u5b89\\u5168\\u74b0\\u5883 => \\u4e0d\\u5b89\\u5168\\u74b0\\u58834\",\"s5_combo_2\":\"[\\\"\\u4f5c\\u696d\\u7a0b\\u5e8f\\u4e0d\\u5b8c\\u6574\\u6216\\u4e0d\\u9069\\u7576\\\",\\\"\\u6559\\u80b2\\u8a13\\u7df4\\u4e0d\\u8db3\\\"] => [\\\"\\u4f5c\\u696d\\u7a0b\\u5e8f\\u4e0d\\u5b8c\\u6574\\u6216\\u4e0d\\u9069\\u7576\\\",\\\"\\u5de5\\u4f5c\\u7d00\\u5f8b\\u4e0d\\u826f\\\",\\\"\\u4eba\\u54e1\\u4f5c\\u696d\\u4e0d\\u614e\\\",\\\"\\u6559\\u80b2\\u8a13\\u7df4\\u4e0d\\u8db3\\\"]\",\"basic_reasons\":\"\\u57fa\\u672c\\u539f\\u56e0 => \\u57fa\\u672c\\u539f\\u56e04\",\"preventive_measures\":\"\\u9632\\u7bc4\\u63aa\\u65bd => \\u9632\\u7bc4\\u63aa\\u65bd4\"},\"fab_id\":\"9 => 6\",\"local_id\":\"7 => 4\",\"case_title\":\"\\u6e2c\\u8a66\\u4e8b\\u4ef6x7 => \\u6e2c\\u8a66\\u4e8b\\u4ef6x4\",\"a_dept\":\"G7 => G4\"}}]');

-- --------------------------------------------------------

--
-- 資料表結構 `_fab`
--

CREATE TABLE `_fab` (
  `id` int(10) UNSIGNED NOT NULL COMMENT 'ai',
  `site_id` int(10) NOT NULL COMMENT '歸屬site',
  `fab_title` varchar(20) NOT NULL COMMENT 'fab名稱',
  `fab_remark` varchar(255) NOT NULL COMMENT 'fab備註',
  `flag` varchar(3) NOT NULL COMMENT '開關',
  `sign_code` varchar(10) NOT NULL COMMENT '管理權責(部課)',
  `pm_emp_id` varchar(255) DEFAULT NULL COMMENT '轄區管理員',
  `created_at` datetime NOT NULL COMMENT '創建日期',
  `updated_at` datetime NOT NULL COMMENT '更新日期',
  `updated_user` varchar(10) NOT NULL COMMENT '建檔人員'
) ENGINE=InnoDB DEFAULT CHARSET=utf8mb4;

--
-- 傾印資料表的資料 `_fab`
--

INSERT INTO `_fab` (`id`, `site_id`, `fab_title`, `fab_remark`, `flag`, `sign_code`, `pm_emp_id`, `created_at`, `updated_at`, `updated_user`) VALUES
(1, 1, 'tnESH', '台南環安處', 'Off', '9T040500', '10008048,陳建良,13099963,梁修豪', '2023-07-03 14:30:51', '2024-03-29 11:58:21', '陳建良'),
(2, 1, 'FAB1棟', '一廠', 'On', '9T041501', '', '2023-07-04 15:11:08', '2024-03-29 11:00:58', '陳建良'),
(3, 1, 'FAB2棟', '二廠', 'On', '9T043501', NULL, '2023-07-04 15:11:30', '2023-10-26 13:56:51', '陳建良'),
(4, 1, 'FAB3棟', '三廠', 'On', '9T043501', NULL, '2023-07-04 15:11:59', '2023-10-26 13:56:57', '陳建良'),
(5, 1, 'TAC棟', '四廠', 'On', '9T042501', '', '2023-07-04 15:12:32', '2024-03-29 11:01:03', '陳建良'),
(6, 1, 'FAB5棟', '五廠', 'On', '9T043502', NULL, '2023-07-04 15:12:52', '2023-10-26 13:57:02', '陳建良'),
(7, 1, 'FAB6棟', '六廠', 'On', '9T044501', NULL, '2023-07-04 15:13:11', '2023-10-26 13:54:28', '陳建良'),
(8, 1, 'FAB7棟', '七廠', 'On', '9T041502', '', '2023-07-04 15:13:30', '2024-03-29 11:00:48', '陳建良'),
(9, 1, 'FAB8棟', '八廠', 'On', '9T044502', NULL, '2023-07-04 15:14:07', '2023-10-26 13:54:18', '陳建良'),
(10, 1, 'LCM棟', 'C廠區', 'On', '9T042502', '', '2023-07-04 15:14:29', '2023-12-19 11:14:31', '陳建良'),
(11, 1, 'TOC棟', 'TOC', 'On', '9T042501', '', '2023-07-04 15:15:35', '2024-03-29 11:00:42', '陳建良'),
(12, 1, 'K9棟', '科九', 'On', '9T042501', '', '2023-07-04 15:16:11', '2024-03-29 11:00:31', '陳建良');

-- --------------------------------------------------------

--
-- 資料表結構 `_flow`
--

CREATE TABLE `_flow` (
  `id` int(10) NOT NULL,
  `doc_uuid` varchar(255) NOT NULL COMMENT 'doc_uuid',
  `in_signEmpid` varchar(10) DEFAULT NULL COMMENT '待簽工號emp_id',
  `in_signCname` varchar(20) DEFAULT NULL COMMENT '待簽姓名cname',
  `step_flow` longtext NOT NULL COMMENT '簽核動作',
  `updated_at` datetime NOT NULL COMMENT '更新時間',
  `updated_user` varchar(20) NOT NULL COMMENT '更新人員'
) ENGINE=InnoDB DEFAULT CHARSET=utf8mb4;

-- --------------------------------------------------------

--
-- 資料表結構 `_formcase`
--

CREATE TABLE `_formcase` (
  `id` int(10) UNSIGNED NOT NULL,
  `_type` varchar(20) NOT NULL COMMENT '表單名稱',
  `title` varchar(255) NOT NULL COMMENT '分類註解',
  `short_name` varchar(20) NOT NULL COMMENT '簡稱',
  `dcc_no` varchar(30) NOT NULL COMMENT 'dcc編號',
  `_icon` varchar(100) NOT NULL COMMENT 'icon',
  `flag` varchar(3) NOT NULL COMMENT '開關',
  `created_at` datetime NOT NULL,
  `updated_at` datetime NOT NULL,
  `updated_user` varchar(10) NOT NULL COMMENT '建檔人員'
) ENGINE=InnoDB DEFAULT CHARSET=utf8mb4;

--
-- 傾印資料表的資料 `_formcase`
--

INSERT INTO `_formcase` (`id`, `_type`, `title`, `short_name`, `dcc_no`, `_icon`, `flag`, `created_at`, `updated_at`, `updated_user`) VALUES
(1, '13ES100016-F002', '南廠區交通事故訪談表', '交通事故', '13ES100016-F002-V002', 'fa-solid fa-car-burst', 'On', '2024-02-01 03:24:12', '2024-04-25 11:45:55', '陳建良'),
(2, '13ES100016-F003', '南廠區廠內事故訪談表', '廠內事故', '13ES100016-F003-V003', 'fa-solid fa-house-circle-exclamation', 'On', '2024-02-01 11:02:18', '2024-04-25 11:46:49', '陳建良'),
(3, '13ES100016-F002a', '南廠區交通事故訪談表', '交通事故', '13ES100016-F002-V002a', 'fa-solid fa-person-falling-burst', 'On', '2024-02-01 03:24:12', '2024-05-07 11:08:07', '陳建良'),
(4, '13ES100016-F003a', '南廠區廠內事故訪談表', '廠內事故', '13ES100016-F003-V003a', 'fa-solid fa-building-circle-exclamation', 'On', '2024-02-01 11:02:18', '2024-05-07 11:08:55', '陳建良'),
(6, 'test', 'test', '測試', 'autolog', 'fa-brands fa-facebook', 'Off', '2024-04-12 14:07:01', '2024-04-25 11:46:58', '陳建良');

-- --------------------------------------------------------

--
-- 資料表結構 `_local`
--

CREATE TABLE `_local` (
  `id` int(10) UNSIGNED NOT NULL COMMENT 'ai',
  `fab_id` int(10) UNSIGNED NOT NULL COMMENT '歸屬Fab',
  `local_title` varchar(50) NOT NULL COMMENT '子區域名稱',
  `local_remark` varchar(50) NOT NULL COMMENT '子區域註解',
  `low_level` varchar(50) DEFAULT NULL COMMENT '安全水位',
  `flag` varchar(5) NOT NULL COMMENT '開關',
  `created_at` datetime NOT NULL COMMENT '創建時間',
  `updated_at` datetime NOT NULL COMMENT '更新時間',
  `updated_user` varchar(10) NOT NULL COMMENT '建檔人員'
) ENGINE=InnoDB DEFAULT CHARSET=utf8mb4;

--
-- 傾印資料表的資料 `_local`
--

INSERT INTO `_local` (`id`, `fab_id`, `local_title`, `local_remark`, `low_level`, `flag`, `created_at`, `updated_at`, `updated_user`) VALUES
(1, 2, 'Array-1', 'Array-1', NULL, 'On', '2024-05-06 09:24:28', '2024-05-06 09:24:28', '陳建良'),
(2, 2, 'CF-1', 'CF-1', NULL, 'On', '2024-05-06 09:24:52', '2024-05-06 09:24:52', '陳建良'),
(3, 2, 'Cell(LCD)-1', 'Cell(LCD)-1', NULL, 'On', '2024-05-06 09:27:47', '2024-05-06 09:27:47', '陳建良'),
(4, 2, 'TS1廠', 'TS1廠', NULL, 'On', '2024-05-06 09:28:21', '2024-05-06 09:28:21', '陳建良'),
(5, 2, '儲運管理WH-1', '儲運管理WH-1', NULL, 'On', '2024-05-06 09:29:09', '2024-05-06 09:29:09', '陳建良'),
(6, 2, '其他Other-1', '其他Other-1', NULL, 'On', '2024-05-06 09:29:56', '2024-05-06 09:29:56', '陳建良'),
(7, 2, '廠務FAC(CE)', '廠務FAC(CE)', NULL, 'On', '2024-05-06 09:30:18', '2024-05-06 09:30:18', '陳建良'),
(8, 2, '整合INT-1', '整合INT-1', NULL, 'On', '2024-05-06 09:30:46', '2024-05-06 09:30:46', '陳建良'),
(9, 2, '環安衛ESH', '環安衛ESH', NULL, 'On', '2024-05-06 09:31:12', '2024-05-06 13:38:50', '陳建良'),
(10, 2, '總務GA', '總務GA', NULL, 'On', '2024-05-06 09:31:33', '2024-05-06 09:31:33', '陳建良'),
(11, 2, '自動化AT(MAHS)-1', '自動化AT(MAHS)-1', NULL, 'On', '2024-05-06 09:32:47', '2024-05-06 09:32:47', '陳建良'),
(12, 3, 'Array-2', 'Array-2', NULL, 'On', '2024-05-06 09:56:49', '2024-05-06 09:56:49', '陳建良'),
(13, 3, 'CF/Cell(LCD)-2', 'CF/Cell(LCD)-2', NULL, 'On', '2024-05-06 09:57:17', '2024-05-06 09:57:17', '陳建良'),
(14, 3, 'TN-XRay廠', 'TN-XRay廠', NULL, 'On', '2024-05-06 10:50:38', '2024-05-06 10:50:38', '陳建良'),
(15, 3, 'TN-XR其他Other', 'TN-XR其他Other', NULL, 'On', '2024-05-06 10:55:48', '2024-05-06 10:55:48', '陳建良'),
(16, 3, '儲運管理WH-2', '儲運管理WH-2', NULL, 'On', '2024-05-06 11:00:30', '2024-05-06 11:00:30', '陳建良'),
(17, 3, '其他Other-2', '其他Other-2', NULL, 'On', '2024-05-06 11:12:25', '2024-05-06 11:12:25', '陳建良'),
(18, 3, '廠務FAC(CE)', '廠務FAC(CE)', NULL, 'On', '2024-05-06 11:12:52', '2024-05-06 11:12:52', '陳建良'),
(19, 3, '整合INT-2', '整合INT-2', NULL, 'On', '2024-05-06 11:13:12', '2024-05-06 11:13:12', '陳建良'),
(20, 3, '環安衛ESH', '環安衛ESH', NULL, 'On', '2024-05-06 11:13:29', '2024-05-06 11:13:29', '陳建良'),
(21, 3, '總務GA', '總務GA', NULL, 'On', '2024-05-06 11:13:55', '2024-05-06 11:13:55', '陳建良'),
(22, 3, '自動化AT(MAHS)-2', '自動化AT(MAHS)-2', NULL, 'On', '2024-05-06 11:14:16', '2024-05-06 11:14:16', '陳建良'),
(23, 4, 'Array-3', 'Array-3', NULL, 'On', '2024-05-06 09:24:28', '2024-05-06 09:24:28', '陳建良'),
(24, 4, 'CF-3', 'CF-3', NULL, 'On', '2024-05-06 09:24:52', '2024-05-06 09:24:52', '陳建良'),
(25, 4, 'Cell(LCD)-3', 'Cell(LCD)-3', NULL, 'On', '2024-05-06 09:27:47', '2024-05-06 09:27:47', '陳建良'),
(26, 4, '儲運管理WH-3', '儲運管理WH-3', NULL, 'On', '2024-05-06 09:29:09', '2024-05-06 09:29:09', '陳建良'),
(27, 4, '其他Other-3', '其他Other-3', NULL, 'On', '2024-05-06 09:29:56', '2024-05-06 09:29:56', '陳建良'),
(28, 4, '廠務FAC(CE)', '廠務FAC(CE)', NULL, 'On', '2024-05-06 09:30:18', '2024-05-06 09:30:18', '陳建良'),
(29, 4, '整合INT-3', '整合INT-3', NULL, 'On', '2024-05-06 09:30:46', '2024-05-06 09:30:46', '陳建良'),
(30, 4, '環安衛ESH', '環安衛ESH', NULL, 'On', '2024-05-06 09:31:12', '2024-05-06 09:31:12', '陳建良'),
(31, 4, '總務GA', '總務GA', NULL, 'On', '2024-05-06 09:31:33', '2024-05-06 09:31:33', '陳建良'),
(32, 4, '自動化AT(MAHS)-3', '自動化AT(MAHS)-3', NULL, 'On', '2024-05-06 09:32:47', '2024-05-06 09:32:47', '陳建良'),
(33, 5, 'HR人資', 'HR人資', NULL, 'On', '2024-05-06 09:28:21', '2024-05-06 09:28:21', '陳建良'),
(34, 5, '儲運管理WH-4', '儲運管理WH-4', NULL, 'On', '2024-05-06 09:29:09', '2024-05-06 09:29:09', '陳建良'),
(35, 5, '其他Other-4', '其他Other-4', NULL, 'On', '2024-05-06 09:29:56', '2024-05-06 09:29:56', '陳建良'),
(36, 5, '廠務FAC(CE)', '廠務FAC(CE)', NULL, 'On', '2024-05-06 09:30:18', '2024-05-06 09:30:18', '陳建良'),
(37, 5, '環安衛ESH', '環安衛ESH', NULL, 'On', '2024-05-06 09:31:12', '2024-05-06 09:31:12', '陳建良'),
(38, 5, '總務GA', '總務GA', NULL, 'On', '2024-05-06 09:31:33', '2024-05-06 09:31:33', '陳建良'),
(39, 6, 'Array-5', 'Array-5', NULL, 'On', '2024-05-06 09:24:28', '2024-05-06 09:24:28', '陳建良'),
(40, 6, 'CF-5', 'CF-5', NULL, 'On', '2024-05-06 09:24:52', '2024-05-06 09:24:52', '陳建良'),
(41, 6, 'Cell(LCD)-5', 'Cell(LCD)-5', NULL, 'On', '2024-05-06 09:27:47', '2024-05-06 09:27:47', '陳建良'),
(42, 6, '儲運管理WH-5', '儲運管理WH-5', NULL, 'On', '2024-05-06 09:29:09', '2024-05-06 09:29:09', '陳建良'),
(43, 6, '其他Other-5', '其他Other-5', NULL, 'On', '2024-05-06 09:29:56', '2024-05-06 09:29:56', '陳建良'),
(44, 6, '廠務FAC(CE)', '廠務FAC(CE)', NULL, 'On', '2024-05-06 09:30:18', '2024-05-06 09:30:18', '陳建良'),
(45, 6, '整合INT-5', '整合INT-5', NULL, 'On', '2024-05-06 09:30:46', '2024-05-06 09:30:46', '陳建良'),
(46, 6, '環安衛ESH', '環安衛ESH', NULL, 'On', '2024-05-06 09:31:12', '2024-05-06 09:31:12', '陳建良'),
(47, 6, '總務GA', '總務GA', NULL, 'On', '2024-05-06 09:31:33', '2024-05-06 09:31:33', '陳建良'),
(48, 6, '自動化AT(MAHS)-5', '自動化AT(MAHS)-5', NULL, 'On', '2024-05-06 09:32:47', '2024-05-06 09:32:47', '陳建良'),
(49, 7, 'Array-6', 'Array-6', NULL, 'On', '2024-05-06 09:24:28', '2024-05-06 09:24:28', '陳建良'),
(50, 7, 'CF-6', 'CF-6', NULL, 'On', '2024-05-06 09:24:52', '2024-05-06 09:24:52', '陳建良'),
(51, 7, 'Cell(LCD)-6', 'Cell(LCD)-6', NULL, 'On', '2024-05-06 09:27:47', '2024-05-06 09:27:47', '陳建良'),
(52, 7, '儲運管理WH-6', '儲運管理WH-6', NULL, 'On', '2024-05-06 09:29:09', '2024-05-06 09:29:09', '陳建良'),
(53, 7, '其他Other-6', '其他Other-6', NULL, 'On', '2024-05-06 09:29:56', '2024-05-06 09:29:56', '陳建良'),
(54, 7, '廠務FAC(CE)', '廠務FAC(CE)', NULL, 'On', '2024-05-06 09:30:18', '2024-05-06 09:30:18', '陳建良'),
(55, 7, '整合INT-6', '整合INT-6', NULL, 'On', '2024-05-06 09:30:46', '2024-05-06 09:30:46', '陳建良'),
(56, 7, '環安衛ESH', '環安衛ESH', NULL, 'On', '2024-05-06 09:31:12', '2024-05-06 09:31:12', '陳建良'),
(57, 7, '總務GA', '總務GA', NULL, 'On', '2024-05-06 09:31:33', '2024-05-06 09:31:33', '陳建良'),
(58, 7, '自動化AT(MAHS)-6', '自動化AT(MAHS)-6', NULL, 'On', '2024-05-06 09:32:47', '2024-05-06 09:32:47', '陳建良'),
(59, 8, 'Array/CF-7', 'Array/CF-7', NULL, 'On', '2024-05-06 09:24:52', '2024-05-06 09:24:52', '陳建良'),
(60, 8, 'Cell(LCD)-7', 'Cell(LCD)-7', NULL, 'On', '2024-05-06 09:27:47', '2024-05-06 09:27:47', '陳建良'),
(61, 8, '儲運管理WH-7', '儲運管理WH-7', NULL, 'On', '2024-05-06 09:29:09', '2024-05-06 09:29:09', '陳建良'),
(62, 8, '其他Other-7', '其他Other-7', NULL, 'On', '2024-05-06 09:29:56', '2024-05-06 09:29:56', '陳建良'),
(63, 8, '廠務FAC(CE)', '廠務FAC(CE)', NULL, 'On', '2024-05-06 09:30:18', '2024-05-06 09:30:18', '陳建良'),
(64, 8, '整合INT-7', '整合INT-7', NULL, 'On', '2024-05-06 09:30:46', '2024-05-06 09:30:46', '陳建良'),
(65, 8, '環安衛ESH', '環安衛ESH', NULL, 'On', '2024-05-06 09:31:12', '2024-05-06 09:31:12', '陳建良'),
(66, 8, '總務GA', '總務GA', NULL, 'On', '2024-05-06 09:31:33', '2024-05-06 09:31:33', '陳建良'),
(67, 8, '自動化AT(MAHS)-7', '自動化AT(MAHS)-7', NULL, 'On', '2024-05-06 09:32:47', '2024-05-06 09:32:47', '陳建良'),
(68, 9, 'Array-8A', 'Array-8A', NULL, 'On', '2024-05-06 09:24:28', '2024-05-06 09:24:28', '陳建良'),
(69, 9, 'CF-8', 'CF-8', NULL, 'On', '2024-05-06 09:24:52', '2024-05-06 09:24:52', '陳建良'),
(70, 9, 'Cell(LCD)-8', 'Cell(LCD)-8', NULL, 'On', '2024-05-06 09:27:47', '2024-05-06 09:27:47', '陳建良'),
(71, 9, 'T6-Array/CF', 'T6-Array/CF', NULL, 'On', '2024-05-06 09:24:52', '2024-05-06 09:24:52', '陳建良'),
(72, 9, 'T6-Cell(LCD)', 'T6-Cell(LCD)', NULL, 'On', '2024-05-06 09:27:47', '2024-05-06 09:27:47', '陳建良'),
(73, 9, 'T6-其他Other', 'T6-其他Other', NULL, 'On', '2024-05-06 09:29:56', '2024-05-06 09:29:56', '陳建良'),
(74, 9, 'T6-整合INT', 'T6-整合INT', NULL, 'On', '2024-05-06 09:30:46', '2024-05-06 09:30:46', '陳建良'),
(75, 9, 'T6-自動化AT(MAHS)', 'T6-自動化AT(MAHS)', NULL, 'On', '2024-05-06 09:32:47', '2024-05-06 09:32:47', '陳建良'),
(76, 9, '儲運管理WH-8', '儲運管理WH-8', NULL, 'On', '2024-05-06 09:29:09', '2024-05-06 09:29:09', '陳建良'),
(77, 9, '其他Other-8', '其他Other-8', NULL, 'On', '2024-05-06 09:29:56', '2024-05-06 09:29:56', '陳建良'),
(78, 9, '廠務FAC(CE)', '廠務FAC(CE)', NULL, 'On', '2024-05-06 09:30:18', '2024-05-06 09:30:18', '陳建良'),
(79, 9, '整合INT-8', '整合INT-8', NULL, 'On', '2024-05-06 09:30:46', '2024-05-06 09:30:46', '陳建良'),
(80, 9, '環安衛ESH', '環安衛ESH', NULL, 'On', '2024-05-06 09:31:12', '2024-05-06 09:31:12', '陳建良'),
(81, 9, '總務GA', '總務GA', NULL, 'On', '2024-05-06 09:31:33', '2024-05-06 09:31:33', '陳建良'),
(82, 9, '自動化AT(MAHS)-8', '自動化AT(MAHS)-8', NULL, 'On', '2024-05-06 09:32:47', '2024-05-06 09:32:47', '陳建良'),
(83, 12, 'K9-MOD廠', 'K9-MOD廠', NULL, 'On', '2024-05-06 09:29:09', '2024-05-06 09:29:09', '陳建良'),
(84, 12, 'K9-其他Other', 'K9-其他Other', NULL, 'On', '2024-05-06 09:29:56', '2024-05-06 09:29:56', '陳建良'),
(85, 12, 'K9-自動化AT(MAHS)', 'K9-自動化AT(MAHS)', NULL, 'On', '2024-05-06 09:32:47', '2024-05-06 09:32:47', '陳建良'),
(86, 12, '廠務FAC(CE)', '廠務FAC(CE)', NULL, 'On', '2024-05-06 09:30:18', '2024-05-06 09:30:18', '陳建良'),
(87, 12, '總務GA', '總務GA', NULL, 'On', '2024-05-06 09:31:33', '2024-05-06 09:31:33', '陳建良'),
(88, 10, 'CG-其他Other', 'CG-其他Other', NULL, 'On', '2024-05-06 09:29:56', '2024-05-06 09:29:56', '陳建良'),
(89, 10, 'CG-自動化AT(MAHS)', 'CG-自動化AT(MAHS)', NULL, 'On', '2024-05-06 09:32:47', '2024-05-06 09:32:47', '陳建良'),
(90, 10, 'CG-製造廠', 'CG-製造廠', NULL, 'On', '2024-05-06 09:29:09', '2024-05-06 09:29:09', '陳建良'),
(91, 10, 'LCDU', 'LCDU', NULL, 'On', '2024-05-06 09:24:52', '2024-05-06 09:24:52', '陳建良'),
(92, 10, 'MOD3', 'MOD3', NULL, 'On', '2024-05-06 09:27:47', '2024-05-06 09:27:47', '陳建良'),
(93, 10, 'TN-CarMOD廠', 'TN-CarMOD廠', NULL, 'On', '2024-05-06 09:29:56', '2024-05-06 09:29:56', '陳建良'),
(94, 10, 'TN-Car其他Other', 'TN-Car其他Other', NULL, 'On', '2024-05-06 09:30:46', '2024-05-06 09:30:46', '陳建良'),
(95, 10, '其他Other-C', '其他Other-C', NULL, 'On', '2024-05-06 09:29:56', '2024-05-06 09:29:56', '陳建良'),
(96, 10, '廠務FAC(CE)', '廠務FAC(CE)', NULL, 'On', '2024-05-06 09:30:18', '2024-05-06 09:30:18', '陳建良'),
(97, 10, '整合INT-C', '整合INT-C', NULL, 'On', '2024-05-06 09:30:46', '2024-05-06 09:30:46', '陳建良'),
(98, 10, '環安衛ESH', '環安衛ESH', NULL, 'On', '2024-05-06 09:31:12', '2024-05-06 09:31:12', '陳建良'),
(99, 10, '總務GA', '總務GA', NULL, 'On', '2024-05-06 09:31:33', '2024-05-06 09:31:33', '陳建良'),
(100, 10, '自動化AT(MAHS)-C', '自動化AT(MAHS)-C', NULL, 'On', '2024-05-06 09:32:47', '2024-05-06 09:32:47', '陳建良'),
(101, 11, 'BLC', 'BLC', NULL, 'On', '2024-05-06 09:24:52', '2024-05-06 09:24:52', '陳建良'),
(102, 11, 'Cell(LCD)-6', 'Cell(LCD)-6', NULL, 'On', '2024-05-06 09:27:47', '2024-05-06 09:27:47', '陳建良'),
(103, 11, 'MOD-儲運管理WH', 'MOD-儲運管理WH', NULL, 'On', '2024-05-06 09:29:09', '2024-05-06 09:29:09', '陳建良'),
(104, 11, 'MOD-其他Other', 'MOD-其他Other', NULL, 'On', '2024-05-06 09:29:56', '2024-05-06 09:29:56', '陳建良'),
(105, 11, 'MOD-整合INT', 'MOD-整合INT', NULL, 'On', '2024-05-06 09:30:46', '2024-05-06 09:30:46', '陳建良'),
(106, 11, 'MOD1', 'MOD1', NULL, 'On', '2024-05-06 09:31:12', '2024-05-06 09:31:12', '陳建良'),
(107, 11, 'MOD3', 'MOD3', NULL, 'On', '2024-05-06 09:31:33', '2024-05-06 09:31:33', '陳建良'),
(108, 11, 'SGCux-辦公室Office', 'SGCux-辦公室Office', NULL, 'On', '2024-05-06 09:29:56', '2024-05-06 09:29:56', '陳建良'),
(109, 11, 'TV-Car品質管理QS', 'TV-Car品質管理QS', NULL, 'On', '2024-05-06 09:30:46', '2024-05-06 09:30:46', '陳建良'),
(110, 11, 'TV-辦公室Office', 'TV-辦公室Office', NULL, 'On', '2024-05-06 09:31:12', '2024-05-06 09:31:12', '陳建良'),
(111, 11, '品管-辦公室Office', '品管-辦公室Office', NULL, 'On', '2024-05-06 09:31:33', '2024-05-06 09:31:33', '陳建良'),
(112, 11, '廠務FAC(CE)', '廠務FAC(CE)', NULL, 'On', '2024-05-06 09:30:18', '2024-05-06 09:30:18', '陳建良'),
(113, 11, '整合-辦公室Office', '整合-辦公室Office', NULL, 'On', '2024-05-06 09:30:46', '2024-05-06 09:30:46', '陳建良'),
(114, 11, '環安衛ESH', '環安衛ESH', NULL, 'On', '2024-05-06 09:31:12', '2024-05-06 09:31:12', '陳建良'),
(115, 11, '研發-辦公室Office', '研發-辦公室Office', NULL, 'On', '2024-05-06 09:31:12', '2024-05-06 09:31:12', '陳建良'),
(116, 11, '總務GA', '總務GA', NULL, 'On', '2024-05-06 09:31:33', '2024-05-06 09:31:33', '陳建良'),
(117, 11, '自動化-辦公室Office', '自動化-辦公室Office', NULL, 'On', '2024-05-06 09:32:47', '2024-05-06 09:32:47', '陳建良'),
(118, 11, '自動化AT(MAHS)-6', '自動化AT(MAHS)-6', NULL, 'On', '2024-05-06 09:24:28', '2024-05-06 09:24:28', '陳建良');

-- --------------------------------------------------------

--
-- 資料表結構 `_site`
--

CREATE TABLE `_site` (
  `id` int(10) UNSIGNED NOT NULL COMMENT 'ai',
  `site_title` varchar(20) NOT NULL COMMENT 'site名稱',
  `site_remark` varchar(255) NOT NULL COMMENT 'site註解',
  `flag` varchar(3) NOT NULL COMMENT '開關',
  `created_at` datetime NOT NULL COMMENT '創建日期',
  `updated_at` datetime NOT NULL COMMENT '更新日期',
  `updated_user` varchar(10) NOT NULL COMMENT '建檔人員'
) ENGINE=InnoDB DEFAULT CHARSET=utf8mb4;

--
-- 傾印資料表的資料 `_site`
--

INSERT INTO `_site` (`id`, `site_title`, `site_remark`, `flag`, `created_at`, `updated_at`, `updated_user`) VALUES
(1, 'tnSite', '南科廠區', 'On', '2023-07-03 14:22:27', '2024-04-19 09:10:13', '陳建良'),
(2, 'jnSite', '竹南廠區', 'Off', '2023-07-04 15:10:00', '2024-04-19 09:10:04', '陳建良');

-- --------------------------------------------------------

--
-- 資料表結構 `_users`
--

CREATE TABLE `_users` (
  `id` bigint(20) UNSIGNED NOT NULL COMMENT 'ai',
  `emp_id` varchar(20) CHARACTER SET utf8mb4 NOT NULL COMMENT '工號',
  `user` varchar(30) COLLATE utf8mb4_unicode_ci NOT NULL COMMENT '帳號',
  `cname` varchar(30) COLLATE utf8mb4_unicode_ci NOT NULL COMMENT '姓名',
  `sign_code` varchar(20) CHARACTER SET utf8mb4 NOT NULL COMMENT '部門代號',
  `created_at` datetime DEFAULT NULL COMMENT '創建日期',
  `role` varchar(2) COLLATE utf8mb4_unicode_ci DEFAULT '1' COMMENT '權限',
  `idty` varchar(2) CHARACTER SET utf8mb4 DEFAULT '1' COMMENT '身份'
) ENGINE=InnoDB DEFAULT CHARSET=utf8mb4 COLLATE=utf8mb4_unicode_ci;

--
-- 傾印資料表的資料 `_users`
--

INSERT INTO `_users` (`id`, `emp_id`, `user`, `cname`, `sign_code`, `created_at`, `role`, `idty`) VALUES
(0, '90000000', 'admin', 'invest管理員', '9T040500', '2022-08-17 09:39:31', '0', '1'),
(1, '90000001', 'susu', 'invest測試1', '9T041500', '2022-09-01 12:46:49', '1', '1'),
(3, '90000002', 'micro', 'invest測試2', '9T040500', '2022-12-07 15:14:40', '1', '1'),
(8, '13085117', 'DORISE.CHENG', '鄭羽淳', '9T042501', '2023-07-12 16:53:57', '3', '1'),
(10, '10009261', 'YC.SHIH', '施昱丞', '9T042501', '2023-10-17 11:20:21', '3', '1'),
(13, '10119798', 'CHIEH.SHEN', '沈旻頡', '9T041501', '2023-12-11 17:11:13', '3', '1'),
(14, '10008048', 'LEONG.CHEN', '陳建良', '9T041500', '2023-12-28 17:15:02', '0', '1'),
(15, '11046016', 'YA12.HSU', '徐慈雅', '6', '2023-12-29 08:43:48', '3', '1'),
(17, '10010721', 'ASKA.CHEN', '陳飛良', '9T041500', '2024-03-25 11:48:58', '2', '3');

--
-- 已傾印資料表的索引
--

--
-- 資料表索引 `_document`
--
ALTER TABLE `_document`
  ADD PRIMARY KEY (`id`);

--
-- 資料表索引 `_fab`
--
ALTER TABLE `_fab`
  ADD PRIMARY KEY (`id`);

--
-- 資料表索引 `_flow`
--
ALTER TABLE `_flow`
  ADD PRIMARY KEY (`id`);

--
-- 資料表索引 `_formcase`
--
ALTER TABLE `_formcase`
  ADD PRIMARY KEY (`id`),
  ADD UNIQUE KEY `cate_no` (`_type`);

--
-- 資料表索引 `_local`
--
ALTER TABLE `_local`
  ADD PRIMARY KEY (`id`);

--
-- 資料表索引 `_site`
--
ALTER TABLE `_site`
  ADD PRIMARY KEY (`id`);

--
-- 資料表索引 `_users`
--
ALTER TABLE `_users`
  ADD PRIMARY KEY (`id`);

--
-- 在傾印的資料表使用自動遞增(AUTO_INCREMENT)
--

--
-- 使用資料表自動遞增(AUTO_INCREMENT) `_document`
--
ALTER TABLE `_document`
  MODIFY `id` int(10) NOT NULL AUTO_INCREMENT COMMENT 'aid', AUTO_INCREMENT=5;

--
-- 使用資料表自動遞增(AUTO_INCREMENT) `_fab`
--
ALTER TABLE `_fab`
  MODIFY `id` int(10) UNSIGNED NOT NULL AUTO_INCREMENT COMMENT 'ai', AUTO_INCREMENT=16;

--
-- 使用資料表自動遞增(AUTO_INCREMENT) `_flow`
--
ALTER TABLE `_flow`
  MODIFY `id` int(10) NOT NULL AUTO_INCREMENT;

--
-- 使用資料表自動遞增(AUTO_INCREMENT) `_formcase`
--
ALTER TABLE `_formcase`
  MODIFY `id` int(10) UNSIGNED NOT NULL AUTO_INCREMENT, AUTO_INCREMENT=20;

--
-- 使用資料表自動遞增(AUTO_INCREMENT) `_local`
--
ALTER TABLE `_local`
  MODIFY `id` int(10) UNSIGNED NOT NULL AUTO_INCREMENT COMMENT 'ai', AUTO_INCREMENT=119;

--
-- 使用資料表自動遞增(AUTO_INCREMENT) `_site`
--
ALTER TABLE `_site`
  MODIFY `id` int(10) UNSIGNED NOT NULL AUTO_INCREMENT COMMENT 'ai', AUTO_INCREMENT=3;

--
-- 使用資料表自動遞增(AUTO_INCREMENT) `_users`
--
ALTER TABLE `_users`
  MODIFY `id` bigint(20) UNSIGNED NOT NULL AUTO_INCREMENT COMMENT 'ai', AUTO_INCREMENT=18;
COMMIT;

/*!40101 SET CHARACTER_SET_CLIENT=@OLD_CHARACTER_SET_CLIENT */;
/*!40101 SET CHARACTER_SET_RESULTS=@OLD_CHARACTER_SET_RESULTS */;
/*!40101 SET COLLATION_CONNECTION=@OLD_COLLATION_CONNECTION */;
